frase;localizzazione_benchmark;localizzazione_risultato;tempo_benchmark;tempo_risultato;grave_benchmark;grave_risultato;moto_benchmark;moto_risultato;utenti_deboli_benchmark;utenti_deboli_risultato
intorno alle 13, per cause ancora in corso d'accertamento, un camion si è ribaltato e il suo conducente è stato trasportato al pronto soccorso di fidenza in condizioni gravi;0;1;1;1;1;1;0;1;0;1
i primi soccorsi sono arrivati dagli uomini del 118;0;0;0;0;1;0;0;0;0;0
grave incidente a baganzola di parma nel primo pomeriggio;1;1;0;0;1;0;0;1;0;0
intorno alle 15:10, per cause ancora in corso d'accertamento, un furgone e un'auto si sono scontrati in tangenziale;0;1;1;1;0;0;0;0;0;0
un impatto violento che ha provocato l'uscita di strada del furgone, precipitato in un secondo momento in un viadotto a ridosso della strada ;0;1;0;0;1;1;0;0;0;0
i soccorritori del 118 hanno ritrovato il mezzo nel cortile di un'azienda;0;1;0;0;0;0;0;0;0;0
l'autista, soccorso da un'ambulanza, ha riportato ferite di media gravità ed è stato trasportato al pronto soccorso di parma ;0;0;0;0;1;0;0;0;0;0
nell'impatto sarebbe rimasto ferito anche il conducente dell'auto;0;0;0;0;1;0;0;0;0;1
nella mattinata di oggi, domenica 26 febbraio, si è verificato un incidente stradale che ha coinvolto anche un'ambulanza ma che non ha provocato, fortunatamente, feriti gravi;0;1;1;1;0;0;0;0;0;1
la dinamica è in corso di ricostruzione da parte della polizia locale il mezzo, impegnato in un servizio di trasporto, si è scontrato con un'auto che stava percorrendo la stessa via;0;1;0;1;0;0;0;0;0;0
per cause in corso di accertamento il conducente di un'auto ha perso il controllo del veicolo, che è andato a sbattere contro il guardrail;0;1;0;0;0;0;0;0;0;0
in conseguenza dell'impatto l'auto è rimasta danneggiata ed il conducente ha riportato ferite di una certa gravità in varie parti del corpo;0;1;0;0;1;1;0;0;0;0
si è schiantato contro un'auto che si trovava in sosta lungo via fleming;1;1;0;0;0;0;0;1;0;0
il conducente di un'auto è stato coinvolto in un incidente stradale nella tarda serata di giovedì 23 febbraio;0;1;1;1;0;0;0;0;0;0
erano da poco passate le ore 2230 quando, per cause in corso di accertamento, il conducente del veicolo ha perso il controllo del mezzo ed è finito contro un'auto parcheggiata;0;1;1;1;0;0;0;0;0;0
sul posto sono arrivati i soccorritori del 118 che hanno prestato le prime cure all'uomo per poi trasportarlo al pronto soccorso dell'ospedale maggiore di parma;0;1;0;0;0;1;0;0;0;0
grave incidente stradale alle ore 23 di giovedì 23 febbraio lungo l'autostrada a1;1;1;1;1;1;0;0;0;0;0
lo scontro è stato particolarmente violento ed è avvenuto all'altezza del chilometro 116 in direzione milano, tra i caselli di parma e di terre di canossa/campegine ;1;1;0;1;1;0;0;0;0;0
secondo le prime informazioni due persone sarebbero rimaste ferite ed avrebbero riportato traumi di una certa gravità in varie parti del corpo;0;0;0;0;1;1;0;0;0;1
sul posto le ambulanze del 118 e i vigili del fuoco e le pattuglie della polizia stradale;0;1;0;0;0;0;0;0;0;0
 il tratto autostradale è stato chiuso e poi riaperto alle 430 di stamattina;0;1;0;0;0;0;0;0;0;0
per causa in corso di accertamento il conducente di un'auto ha perso il controllo del veicolo, che si è ribaltato;0;0;0;0;0;0;0;1;0;0
sul posto sono arrivati i soccorritori del 118 e la polizia stradale;0;1;0;0;0;0;0;0;0;0
momenti di paura nella mattinata di mercoledì 22 febbraio a fidenza per lo scontro, avvenuto verso le ore 620, tra un'auto e una bicicletta;1;1;1;1;0;0;0;0;1;0
nelle prime ore della mattinata infatti i due mezzi sono venuti a contatti in via caduti di cefalonia;1;1;1;0;0;0;0;0;0;0
l'allarme è scattato da subito e sul posto l'ambulanza infermieristica di fidenza, che ha trasportato il ferito al pronto soccorso dell'ospedale di vaio di fidenza;0;1;0;0;1;1;0;0;0;0
sul posto anche le forze dell'ordine, che hanno effettuato i rilievi previsti per legge e gestito il traffico in zona;0;1;0;0;0;0;0;0;0;0
È morto il ciclista investito sabato mattina a monticelli terme da un'auto;1;1;0;0;1;1;0;0;1;0
la vittima è il ciclomotore 85enne domenico vernamonte;0;0;0;0;1;0;1;0;0;0
l'uomo, che si trovava a bordo della sua bicicletta quando, in corrispondenza di una rotonda, è stato centrato dal veicolo, è deceduto poco dopo il ricovero d'urgenza nel reparto di rianimazione dell'ospedale maggiore di parma;0;1;0;0;1;1;0;0;1;0
grave incidente stradale nel primo pomeriggio di domenica 19 febbraio lungo strada argini, all'altezza di basilicanova;1;1;1;1;1;0;0;0;0;0
per cause in corso di accertamento due auto si sono scontrate: l'impatto è stato violento e i due mezzi sono stati danneggiati nella parte anteriore;0;1;0;0;1;0;0;0;0;0
l'allarme è scattato da subito e sul posto sono arrivati i soccorritori del 118, che hanno prestato le prime cure ad uno dei conducenti, per poi trasportarlo al pronto soccorso dell'ospedale maggiore di parma;0;1;0;0;0;1;0;0;0;1
paura nella serata di venerdì 17 febbraio a borghetto di noceto;1;1;1;0;0;0;0;0;0;0
per cause in corso di accertamento un'auto, un'alfa romeo stelvio, si è schiantata contro il cancello di un'abitazione mentre stava percorrendo strada santa margherita;1;1;0;0;1;0;0;0;0;0
erano da poco passate le 2230 quando il conducente ha perso il controllo del veicolo, che è andato a finire contro il cancello, colpendo anche un muretto e un palo;0;1;1;1;0;1;0;1;0;1
paura lungo via montanara, nella zona di gaione, nella mattinata di giovedì 16 febbraio;1;1;1;0;0;0;0;0;0;0
l'impatto tra i veicoli è stato particolarmente violento: due persone sono rimaste ferite;0;0;0;0;1;0;0;0;0;1
sul posto i soccorritori del 118, oltre alla polizia locale che ha effettuato i rilievi previsti per legge;0;1;0;0;0;0;0;1;0;0
secondo le prime informazioni i due feriti avrebbero riportato ferite gravi, una delle due in particolare si troverebbe in condizioni serie;0;0;0;0;1;1;0;1;0;0
i conducenti di due auto sono stati trasportati al pronto soccorso dell'ospedale maggiore di parma;0;0;0;0;0;1;0;0;0;0
grave incidente nella mattinata di martedì 14 febbraio lungo via europa, nella zona di moletolo;1;1;1;1;1;0;0;0;0;0
per cause in corso di accertamento una renault captur si è ribaltata ed è finita fuori strada;0;1;0;0;0;0;0;0;0;0
erano da poco passate le ore 815 quando il conducente ha perso il controllo del mezzo, che si è poi capovolto;0;0;1;0;0;0;0;1;0;0
l'allarme è scattato da subito e sul posto sono arrivati i soccorritori del 118, oltre alla polizia stradale;0;1;0;0;0;0;0;1;0;0
il conducente e il passeggero sono stati medicati sul posto dai sanitari del 118 e poi trasportati al pronto soccorso dell'ospedale maggiore di parma;0;1;0;0;0;1;0;0;0;0
grave incidente stradale nella mattinata di giovedì 9 febbraio in località basilicagoiano, frazione del comune di montechiarugolo;1;1;1;0;1;0;0;0;0;0
secondo le prime informazioni verso le ore 740 un'auto, che stava percorrendo la strada provinciale, è finita fuori strada;0;1;1;0;0;0;0;0;0;0
momenti di paura nella mattinata di giovedì 9 febbraio in via fratelli rosselli a collecchio;1;1;1;0;0;0;0;0;0;0
erano da poco passate le ore 8 quando, per cause in corso di accertamento, un pedone è stato investito da un'auto mentre stava attraversando la strada;0;0;1;1;1;0;0;0;1;0
l'allarme è scattato da subito e sul posto sono arrivati i soccorritori del 118, oltre alla polizia locale;0;1;0;0;0;0;0;0;0;0
sul posto anche la polizia locale per i rilievi previsti per legge;0;1;0;0;0;0;0;0;0;0
secondo le prime informazioni le sue condizioni di salute sarebbero di media gravità;0;0;0;0;1;0;0;0;0;0
secondo le prime informazioni nell'incidente, che si è verificato tra parma e il tratto reggiano, sarebbero rimaste coinvolte cinque persone, che sarebbero rimaste ferite;1;1;0;0;1;0;0;0;0;0
paura nelle prime ore della mattinata di venerdì 3 febbraio a san secondo;1;0;1;0;0;0;0;0;0;0
per cause in corso di accertamento un pedone, che si trovava in via cesare battisti, è stato investito da un'auto, che sopraggiungeva proprio in quel momento;1;1;0;0;0;0;0;0;1;0
l'impatto tra il veicolo e il pedone è stato violento e sul posto sono arrivati i soccorritori del 118, oltre alla polizia locale;0;1;0;0;1;0;0;0;1;0
secondo le prime informazioni la persona ferita avrebbe riportato traumi di media gravità: dopo le prime cure sul posto sarebbe stato trasportato al pronto soccorso dell'ospedale maggiore di parma;0;1;0;0;0;1;0;0;0;0
migliorano le condizioni di salute del bambino di 10 anni investito  da un'auto nel pomeriggio del 31 dicembre a barbiano di felino;1;1;1;1;0;0;0;0;1;0
sessanta giorni di prognosi per le fratture che ha riportato in varie parti del corpo;0;0;0;0;1;0;0;0;0;0
È questo il bollettino medico del bambino - che compirà dieci anni a fine mese - ricoverato da ieri pomeriggio al pronto soccorso dell'ospedale maggiore di parma dopo lo scontro tra la sua bicicletta e un'auto;0;1;0;0;0;1;0;1;1;1
ancora da stabilire la dinamica dell'incidente avvenuto oggi pomeriggio, 31 gennaio, intorno alle 17;0;1;1;0;0;0;0;0;0;0
grave incidente stradale poco dopo le ore 7 di martedì 31 gennaio lungo viale partigiani d'italia a parma;1;1;1;1;1;1;0;1;0;0
grave incidente stradale nel tardo pomeriggio di lunedì 30 gennaio lungo viale mentana a parma;1;1;1;1;1;0;0;1;0;0
ad avere la peggio il conducente dello scooter che è caduto rovinosamente sull'asfalto, provocandosi ferite in varie parti del corpo;0;0;0;0;0;1;1;1;0;1
sul posto i soccorritori del 118 che hanno prestato le prime cure all'uomo di origine straniera per poi trasportarlo a sirene spiegate al pronto soccorso dell'ospedale maggiore di parma;0;1;0;0;1;1;0;0;0;0
secondo le prime informazioni le sue condizioni di salute sarebbero gravi;0;0;0;0;1;0;0;0;0;0
sul posto anche la polizia locale per i rilievi previsti per legge;0;1;0;0;0;0;0;0;0;0
e' stata disposta una perizia psichiatrica nei confronti del 30enne orjol lame, conducente dell'auto che il 30 ottobre si è schiantata contro un'abitazione lungo la via emilia, tra parma e reggio emilia, provocando la morte di quattro persone, la moglie 22enne, il figlio di un anno e 4 mesi e il fratello e la sorella minori della moglie, di 11 e 9 anni;1;1;1;0;1;1;0;0;0;1
code di 2 chilometri in aumento in direzione bologna e traffico in tilt -  anche lungo le tangenziale e nei pressi della rotonda di fianco al casello di parma - in seguito ad un incidente stradale che si è verificato lungo l'autostrada a1, tra parma e terre di canossa, nelle prime ore della mattinata di giovedì 26 gennaio;1;1;1;1;0;1;0;1;0;0
lo scontro tra due auto non ha provocato feriti gravi ma la viabilità ne ha risentito: lungo il tratto interessato sono segnalati due chilometri di coda;0;1;0;0;0;0;0;0;0;0
traffico in tilt anche nei pressi della rotonda di accesso al casello di parma;0;1;0;0;0;0;0;0;0;0
l'incidente è avvenuto al chilometro 111: sono in corso le operazioni di recupero dei mezzi coinvolti;1;1;0;1;0;0;0;0;0;0
alle 1530 di oggi, martedì 24 gennaio, si registrano disagi al traffico lungo la via emilia;1;1;1;0;0;0;0;0;0;0
nei pressi del distributore di benzina si sono scontrate tra di loro tre auto;0;1;0;0;0;0;0;0;0;0
stando alle prime informazioni solo una persona sarebbe rimasta ferita in modo lieve e ha necessitato delle cure del 118 (pubblica di corte e automedica della cri di fidenza): a bordo dell'ambulanza è stata trasportata in ospedale a fidenza;0;1;0;0;0;1;0;1;0;0
sul posto anche i carabinieri per gli accertamenti;0;1;0;0;0;0;0;0;0;0
grave incidente stradale nella tarda mattinata di lunedì 23 gennaio a tizzano, lungo la provinciale val parma;1;1;1;0;1;0;0;1;0;0
erano da poco passate le 1240 quando, per cause in corso di accertamento, un furgone è precipitato in una scarpata mentre stava percorrendo la strada provinciale all'altezza della località capoponte in direzione reno di tizzano;1;1;1;0;1;0;0;0;0;0
momenti di paura nella mattinata di lunedì 23 gennaio lungo via resga, nel comune di montechiarugolo;1;1;1;0;0;0;0;0;0;0
uomo è rimasto incastrato all'interno dell'abitacolo, nel canale pieno d'acqua;0;0;0;0;0;1;0;0;0;0
l'allarme è scattato da subito e in pochi minuti sono arrivati sul posto i vigili del fuoco, partiti dalla caserma di via chiavari con una squadra;0;1;0;0;0;0;0;0;0;0
nella serata di sabato 21 gennaio il conducente di un'auto è rimasto ferito in seguito ad un incidente stradale in località faviano di sotto, nel comune di lesignano bagni;1;1;1;1;1;1;0;1;0;0
l'uomo, un 43enne residente in provincia di parma, è uscito di strada mentre guidava la propria automobile, cadendo in una scarpata per circa quindici metri;0;1;0;1;0;1;0;0;0;0
sul posto è stato richiesto l'intervento del soccorso alpino dell'appennino parmense;0;1;0;0;0;0;0;0;0;0
il conducente di un autoarticolato ha cercato di svoltare, mentre stava percorrendo via partigiani d’italia - all'incrocio di via fontanella, tra colorno e mezzani - ma visto che il mezzo era più grande della carreggiata, non c'è riuscito ed il rimorchio è finito nel canale, bloccando la strada e la circolazione dei veicoli;1;1;0;1;0;1;0;0;0;1
grave incidente stradale alle ore 1220 di giovedì 19 gennaio lungo strada lodesana a fidenza;1;1;1;1;1;1;0;1;0;0
per cause in corso di accertamento due auto si sono scontrate violentemente;0;0;0;0;1;0;0;0;0;0
in conseguenza dello scontro due persone - marito e moglie anziani - sono rimasti feriti con contusioni di media gravità;0;0;0;0;0;0;0;0;0;1
l'allarme è scattato da subito e sul posto sono arrivati i soccorritori dell'ambulanza infermieristica di fidenza, i vigili del fuoco e la polizia locale;0;1;0;0;0;0;0;0;0;0
si tratta di un 30enne residente in provincia di parma che sul ponte del fiume taro dopo aver abbattuto un muro di delimitazione della ss357, a seguito della fuoriuscita di strada si è allontanato nella notte;1;1;0;0;0;1;0;0;0;0
grave incidente stradale nelle prime ore della mattinata di martedì 17 gennaio;1;1;1;1;1;0;0;0;0;0
per cause in corso di accertamento un'auto e una bicicletta si sono scontrate all'altezza di via goberti a fidenza;1;1;0;0;0;0;0;0;1;0
sul posto i soccorritori del 118 e la polizia locale, che ha effettuato i rilievi previsti per legge;0;1;0;0;0;0;0;0;0;0
il ferito, che ha riportato traumi in varie parti del corpo, è stato trasportato all'ospedale di vaio di fidenza;0;0;0;0;1;1;0;0;0;1
per cause in corso di accertamento un'auto, condotta da una donna, è finita all'interno di un fosso al lato della strada;0;1;0;0;0;0;0;0;0;0
l'allarme è scattato da subito e sul posto sono arrivati i soccorritori del 118 e una squadra dei vigili del fuoco;0;1;0;0;0;0;0;0;0;0
quando gli operatori del 115 sono arrivati sul posto per cercare di liberare la conducente, la donna era già riuscita ad uscire dal veicolo, praticamente illesa;0;1;0;1;0;0;0;0;0;1
grave incidente nella serata di venerdì 13 gennaio a respiccio di fornovo;1;1;1;0;1;0;0;0;0;0
per cause in corso di accertamento un'auto è finita contro la cancellata di un'abitazione poco prima delle ore 2130;0;1;1;0;0;0;0;0;0;0
grave incidente stradale nella notte tra lunedì 9 e martedì 10 gennaio lungo l'autostrada a1, in direzione bologna;1;1;1;0;1;1;0;0;0;0
per cause in corso di accertamento, poco dopo le ore 4, un furgone e un tir si sono scontrati mentre percorrevano la corsia in direzione sud;1;1;1;0;0;0;0;0;0;0
secondo le prime informazioni l'impatto sarebbe stato particolarmente violento e il conducente del fugone sarebbe rimasto incastrato all'interno dell'abitacolo;0;1;0;0;1;0;0;1;0;0
l'uomo, dopo essere stato liberato dai vigili del fuoco di parma, intervenuti sul posto con una squadra, è stato trasportato al pronto soccorso dell'ospedale maggiore di parma;0;1;0;0;0;1;0;0;0;0
grave incidente stradale nella serata di ieri, domenica 8 gennaio, lungo la massese, tra pilastro e torrechiara, in corrispondenza della rotonda;1;1;1;0;1;1;0;0;0;0
secondo le prime informazioni, poco prima delle ore 20, tre auto si sarebbero scontrate mentre stavano percorrendo la strada;0;0;1;0;0;0;0;0;0;0
in conseguenza dello scontro due persone sarebbero rimaste ferite, fortunatamente in maniera lieve;0;0;0;0;0;1;0;0;0;1
e' probabile che la presenza della nebbia, con la scarsa visibilità lungo via langhirano, sia stata una delle cause dell'incidente;0;1;0;0;0;0;0;0;0;0
stava percorrendo l'autostada a1 da parma in direzione reggio emilia quando ad un certo punto ha accusato un lieve malore e ha perso il controllo del mezzo pesante che stava conducendo, finendo in un canale al lato della sede stradale;1;1;0;0;0;1;0;1;0;1
un camionista è stato protagonista della disavventura nel pomeriggio di sabato 7 gennaio;0;0;1;0;0;0;0;0;0;0
secondo le prime informazioni l'uomo, che si trova in buone condizioni di salute, avrebbe perso il controllo del mezzo all'improvviso;0;0;0;0;0;0;0;1;0;0
dopo l'impatto il conducente sarebbe uscito autonomamente dal mezzo: sul posto sono poi arrivati i soccorritori del 118 che hanno prestato alcune cure al camionista, accertandosi delle sue condizioni di salute;0;1;0;0;0;1;0;0;0;0
guidava ubriaco il conducente dell'auto che all'alba di sabato 7 gennaio lungo via traversetolo in località botteghino ha investito e ucciso mohamed choukry (il ricordo dei colleghi) operaio di 59 anni, di origine marocchine e residente a parma, che stava lavorando con il camion della nettezza urbana;1;1;1;0;1;1;0;0;1;1
per l'uomo, dipendente della cooperativa cigno verde, non c'è stato nulla da fare: è stato centrato in pieno dall'auto che stava sopraggiungendo, da parma in direzione traversetolo, proprio nel momento in cui mohamed si trovava in strada e si stava apprestando a risalire a bordo del camion dei rifiuti;0;1;0;0;1;1;0;0;1;0
e' indagato per omicidio stradale il conducente 36enne dell'auto che nella serata di mercoledì 28 dicembre, poco prima delle ore 20, ha tamponato l'auto a bordo della quale viaggiava tiziana sani, la 63enne morta in seguito alle gravissime ferite riportate;0;1;1;0;1;1;0;0;0;1
lo schianto violentissimo è avvenuto lungo la massese, all'altezza di torrechiara, nei pressi del prosciuttificio fumagalli;1;1;0;0;1;0;0;0;0;0
grave incidente stradale nel primo pomeriggio di lunedì 2 gennaio 2023 lungo l'autostrada a1 in direzione bologna;1;1;1;0;1;1;0;1;0;0
erano da poco passate le 1430 quando, per cause in corso di accertamento, la conducente di un'auto ha perso il controllo del mezzo che si è ribaltato;0;0;1;0;0;0;0;1;0;0
il veicolo si è cappottato ed è rimasto al centro della carreggiata;0;0;0;0;0;0;0;1;0;0
dall'omicidio di vitalie sofroni, accoltellato a morte nel parcheggio di gaione per aver cercato di difendere un'amica alla strage della via emilia - il tragico schianto del 30 ottobre in cui hanno perso la vita 4 persone, tra cui tre bambini - all'investimento e uccisione di una donna brasiliana lungo la tangenziale, fino ai quattro morti sulle strade a cavallo tra natale e capodanno;0;1;0;1;0;1;0;0;0;1
poi la morte del sindaco di soragna matteo concari, che ha avuto un malore durante una cerimonia pubblica e la morte della 21enne irene montruccoli, deceduta all'ospedale maggiore di parma per un malore improvviso;0;0;0;0;0;1;0;0;0;1
un uomo di 60 anni, originario della provincia di cosenza e residente in svizzera, è stato arrestato dai carabinieri di viadana con l'accusa di essere il conducente dell'auto pirata che ha investito e ucciso nella notte di natale tra boretto e viadana andrea lodi rizzini, il cuoco 43enne diplomato all'istituto alberghiero magnaghi di salsomaggiore terme;1;1;1;0;1;0;0;0;1;1
sarebbe una bmw serie 1 di colore bianco l'auto pirata che ha investito e ucciso andrea lodi rizzini, il cuoco diplomato all'istituto alberghiero magnaghi di salsomaggiore terme, nella notte di natale tra boretto e viadana;0;1;0;0;1;1;0;0;1;0
i carabinieri, che stanno effettuando le indagini sotto il coordinamento della procura di mantova, infatti, hanno individuato il veicolo grazie alle immagini delle telecamere in zona;0;1;0;0;0;0;0;0;0;0
gravissimo incidente nella serata di mercoledì 28 dicembre a torrechiara, poco prima delle ore 20;1;1;1;1;1;0;0;0;0;0
un tamponamento tra due auto si è trasformato in tragedia;0;0;0;0;0;1;0;0;0;0
una donna di 63 anni, tiziana sani, è deceduta nello scontro tra le vetture, mentre un 36enne, alla guida dell'altra auto, è rimasto ferito in modo non grave;0;1;0;0;1;1;0;0;0;1
nella mattinata di mercoledì 28 dicembre due auto si sono scontrate nel territorio del comune di solignano;1;1;1;0;0;0;0;0;0;0
erano da poco passate le ore 7 quando, per cause in corso di accertamento, i due veicoli sono venuti a contatto;0;0;1;0;0;0;0;0;0;0
sul posto, oltre ai soccorritori del 118, anche i vigili del fuoco e gli agenti della polizia locale, che hanno effettuato i rilievi previsti per legge;0;1;0;0;0;0;0;0;0;1
secondo le prime informazioni due persone sarebbero rimaste ferite: una avrebbe riportato traumi lievi mentre l'altra ferite di media gravità;0;0;0;0;0;1;0;0;0;0
tre morti in meno di 48 ore;0;0;0;0;1;0;0;0;0;0
e' questo il tragico bilancio degli incidenti stradali che si sono verificati a ridosso delle festività natalizie, tra il 22 e la notte tra il 23 e il 24 dicembre nel parmense;0;1;1;0;0;0;0;0;0;0
il primo incidente si è verificato alle ore 12 del 22 dicembre: un tragico scontro frontale tra due auto, che avrebbe poi coinvolto anche un terzo veicolo, ha provocato la morte dell'89enne maria teresa bardini;0;1;1;0;1;1;0;0;0;1
incidente oggi pomeriggio sulla strada pedemontana all'altezza di bannone (frazione di traversetolo);1;1;1;0;0;0;0;0;0;0
sul posto anche i vigili urbani della pedemontana;0;1;0;0;0;0;0;0;0;0
auto fuoi strada a sant'andrea di busseto, stanotte intono all'1,30;1;1;1;0;0;0;0;0;0;0
attimi di paura per i tre occupanti del veicolo, rimasti incastrati all'interno dell'abitacolo;0;0;0;0;0;1;0;0;0;1
utti hanno riportato ferite di media gravità, ricoverati all'ospedale di vaio;0;0;0;0;1;0;0;0;0;0
un incidente stradale, che si è verificato prima delle ore 10 del 22 dicembre lungo l'autostrada a1 tra i caselli di parma e terre di canossa ha provocato due chilometri di coda nel tratto interessato;1;1;1;0;0;0;0;0;0;0
nel tratto dell'a1 e lungo l'a15 in mattinata si sono verificati alcuni rallentamenti a causa della nebbia;0;1;0;0;0;0;0;0;0;0
maxi incidente lunedì mattina sulla ss336, la statale che porta all'aeroporto di malpensa;1;1;1;0;0;0;0;0;0;0
lunghe code lungo la tangenziale ovest a causa di un incidente stradale avvenuto lunedì mattina, intorno alle 7;1;1;1;1;0;0;0;1;0;0
nelle immagini diffuse dalla polizia di stato, ecco gli istanti del tragico incidente automobilistico avvenuto nella notte tra il 17 e il 18 febbraio al casello milano-ghisolfa dell'autostrada a4, costato la vita alla 54enne laura amato e l'amica, 59 anni, claudia turconi;1;1;1;1;1;1;0;0;0;1
prima l'impatto con il tir, poi le sirene dei soccorritori;0;0;0;0;1;0;0;0;0;0
ma per lei non c'è stato nulla da fare;0;0;0;0;1;0;0;0;0;0
una donna di 33 anni alla guida di un volkswagen caddy è morta in un incidente sull'autostrada a4 tra la barriera di ghisolfa e l'uscita di certosa - in direzione venezia - nella tarda mattinata di mercoledì 22 febbraio;1;1;1;0;1;1;0;0;0;1
una settimana, più o meno, in cui sarebbe però avvenuta un'escalation che lo ha portato in due ospedali diversi, in un aeroporto - senza successo - e poi al volante di quella macchina piombata come un proiettile sulla lancia ypsilon a bordo della quale si trovavano la 54enne laura amato e l'amica, 59 anni, claudia turconi;0;1;0;0;0;0;0;0;0;1
continuano le indagini sull'incidente avvenuto nella notte tra venerdì e sabato al casello di milano ghisolfa sulla a4 costato la vita alle due donne, che tornavano a casa dopo aver festeggiato il compleanno di laura, operatrice sanitaria alla clinica macedonio melloni di milano;1;1;1;0;1;1;0;0;0;1
grave incidente martedì mattina sulla milano-meda, nel tratto compreso tra l'innesto per la tangenziale nord di milano e l'uscita di paderno;1;1;1;0;1;0;0;0;0;0
È stato assolto con formula piena il macchinista dell'atm accusato di omicidio colposo per la morte di una turista coreana di 20 anni che, la sera del 10 febbraio di tre anni fa, in piazzale oberdan, era stata investita da un tram della linea 9, guidato proprio dall'imputato;1;1;1;1;1;1;0;1;0;1
tre giovani sono rimasti feriti in un incidente stradale tra la notte di lunedì e martedì lungo la strada provinciale 203, a noviglio (milano);1;1;1;1;0;0;0;0;0;1
un 41enne morto;0;0;0;0;1;0;0;0;0;0
È questo il tragico bilancio di un incidente stradale avvenuto lunedì mattina lungo la strada provinciale 192, nel territorio comunale di gravellona lomellina, nel pavese;1;1;1;1;1;1;0;1;0;0
la 60enne viaggiava insieme a laura amato, 54 anni, tornava da una festa organizzata per celebrare il compleanno dell'amica, morta con lei;0;0;0;0;1;0;0;0;0;0
grave incidente stradale sabato pomeriggio in pieno centro a milano, dove una ragazza di 20 anni, di origini asiatiche, è stata investita da un tram di atm;1;1;1;1;1;1;0;0;1;0
per cause ancora in corso di accertamento, verso le 1340, la giovane è finita sotto un mezzo della linea 3;0;0;1;0;0;0;0;0;0;0
tragico incidente stradale nella notte tra venerdì e sabato a milano, costato la vita a due donne di 54 anni (laura amato, chi era) e 60 anni;1;1;1;0;1;1;0;0;0;0
un uomo di 65 anni è in ospedale dopo essere stato trascinato da un tir lungo la tangenziale est di milano, venerdì mattina;1;1;1;0;1;1;0;0;0;1
È successo verso le otto meno venti nel tratto fra il raccordo con l'autostrada a1 a san donato milanese e l'uscita della paullese, in direzione nord;1;1;1;0;0;0;0;0;0;0
un'auto sui binari, a seveso;1;0;0;0;0;0;0;0;0;0
È accaduto nel tardo pomeriggio di giovedì 16 febbraio quando una nissan con al volante una donna di 41 anni è finita sui binari ferroviari dopo che la guidatrice ha perso il controllo del mezzo;0;1;1;1;0;1;0;0;0;1
la vettura ha sfondato le barriere di protezione, e si è fermata in mezzo all'area di circolazione dei convogli;0;1;0;0;0;0;0;1;0;0
tragico incidente stradale a ozzero, nella città metropolitana di milano, giovedì 16 febbraio;1;1;1;1;1;0;0;1;0;0
un motociclista di 18 anni è rimasto gravemente ferito dopo un incidente stradale a milano;1;1;0;0;1;1;1;1;0;1
lo schianto è avvenuto poco prima delle 19 di mercoledì tra via bisceglie e via ferruccio parri;1;1;1;0;0;0;0;0;0;0
stando a una prima ricostruzione, la motocicletta, dopo lo scontro, è andata a sbattere contro un palo e si è incendiata;0;1;0;0;0;0;1;1;0;0
incidente si è verificato pochi minuti prima delle 12 di venerdì;0;0;1;0;0;0;0;0;0;0
un anziano - circa 80 anni - è stato travolto da un'auto in via adua a cernusco sul naviglio (milano);1;1;0;0;0;1;0;0;1;1
l'incidente, quando erano passate da poco le 830 di venerdì, ha provocato il blocco del traffico in zona;0;1;1;1;0;0;0;0;0;0
un motociclista che si schianta contro un muro, e poi finisce a terra privo di sensi;0;0;0;0;0;1;1;1;0;0
l'arrivo delle ambulanze, il massaggio cardiaco sul posto e la corsa verso il vicino policlinico;0;0;0;0;1;0;0;0;0;0
traffico in tilt nella mattinata di martedì 8 febbraio sull'autostrada a8 milano-varese (direzione milano) a causa di un incidente avvenuto intorno alle 7 nei pressi della barriera di milano nord;1;1;1;1;0;0;0;0;0;1
grave incidente lungo la strada statale dei giovi, poco dopo 1240 di lunedì 6 febbraio, all'uscita 11-10 cesano seveso seregno;1;1;1;1;1;1;0;1;0;0
un ragazzo privo di sensi lungo la via emilia;1;0;0;0;0;1;0;0;0;0
grave: tanto che il personale del 118 deve intubarlo sul posto prima di trasportarlo d'urgenza all'ospedale;0;0;0;0;1;1;0;1;0;0
non è ancora chiaro il motivo ma con molta probabilità è stato travolto da un cosiddetto pirata della strada;0;0;0;0;0;0;0;1;1;0
l'auto che sbanda più volte, l'impatto con il guardrail - devastante - e il volo nel vuoto di sette, otto metri;0;0;0;0;0;1;0;0;0;0
È morto così, in un tragico incidente d'auto nel weekend, bryan franchini, 26enne di magnago, nel milanese;0;1;0;0;1;1;0;0;0;0
brutto investimento, domenica notte, lungo viale forlanini a milano;1;0;1;0;1;0;0;0;1;0
È successo intorno alle cinque meno venti sulla carreggiata in direzione centro città;0;1;1;1;0;0;0;0;0;0
un ragazzo di 25 anni è stato travolto da un'auto che transitava lungo il viale e ora rischia la vita;0;1;0;0;1;1;0;0;1;0
un uomo di 63 anni è in serie condizioni in ospedale dopo essere stato investito da un'auto;0;0;0;0;0;1;0;0;1;1
grave incidente stradale, sabato notte, nella città metropolitana di milano;1;1;1;0;1;1;0;0;0;0
un giovane di 26 anni è in gravi condizioni all'ospedale niguarda dopo essersi più volte ribaltato con la sua automobile a pogliano milanese, in via arluno, all'altezza di una rotonda;1;1;0;0;1;1;0;0;0;1
"uno schianto tragico, atroce, che ""suona"" come un beffardo scherzo del destino";0;0;0;0;1;0;0;0;0;0
sì, perché luca civita - il 38enne morto martedì in un incidente avvenuto sulla a4, tra l'uscita di fiera milano e lo svincolo con viale certosa - a modo suo cercava di combattere le tragedie sull'asfalto;1;1;0;0;1;1;0;1;0;0
gravissimo incidente stradale nel pomeriggio di martedì 31 gennaio in autostrada;1;1;1;0;1;0;0;0;0;0
un uomo di 38 anni, residente a sulmona (l'aquila), è morto sul colpo;0;1;0;0;1;0;0;0;0;0
lo schianto è avvenuto verso le sei meno venti lungo l'a4, in direzione venezia, nel tratto compreso tra l'uscita di pero-fiera milano e lo svincolo con l'a8-viale certosa;1;1;1;0;0;0;0;0;0;0
nella mattinata del 29 gennaio, si è verificato un incidente in valassina;1;1;1;0;0;0;0;0;0;0
due uomini di 45 e 47 anni sono rimasti feriti in un incidente stradale in via inganni a milano;1;1;0;0;1;1;0;0;0;1
lo schianto è avvenuto poco prima della mezzanotte tra venerdì e sabato;0;0;1;0;0;0;0;0;0;0
numerosi curiosi sono usciti in strada a seguito del frastuono: una delle auto coinvolte, una mercedes, si è ribaltata e ha travolto dei pali dei segnali stradali;0;1;0;0;0;0;0;0;0;1
il bilancio del grave incidente avvenuto venerdì mattina, attorno alle 9, in via giulio e corrado venini a milano, lascia un ferito e il traffico paralizzato in zona;1;1;1;1;1;1;0;0;0;1
incidente stradale nel pomeriggio di giovedì 26 gennaio a inzago, nella città metropolitana di milano;1;1;1;0;0;0;0;0;0;0
secondo quanto riferisce areu (agenzia regionale emergenza urgenza), sarebbero coinvolti sei giovanissimi, tra cui un ragazzo di 17 anni, due 18enni e una 19enne;0;0;0;0;0;0;0;0;0;1
il cuore gli si è fermato mentre era alla guida della propria auto;0;0;0;0;0;1;0;0;0;0
È finito fuori strada, facendo un incidente, e per fortuna senza coinvolgere altre persone;0;1;0;1;0;0;0;1;0;0
lo avrebbe investito con la sua auto mentre entrambi andavano a scuola;0;0;0;0;0;0;0;0;1;0
poi, con lui sull'asfalto ormai in fin di vita, sarebbe andata in aula dai suoi studenti, dove è stata fermata;0;0;0;0;0;0;0;1;0;0
una donna di 65 anni, professoressa all'istituto bordoni di pavia, è stata arrestata lunedì mattina con le accuse di omicidio stradale e omissione di soccorso perché accusata di aver travolto e ucciso il 49enne daniele marchi, maestro nella scuola dell'infanzia comunale;0;1;0;0;0;0;0;0;0;1
un automobilista di 35 anni si è ribaltato con la propria auto dopo aver preso in pieno semaforo e spartitraffico in via arbe;0;1;0;0;0;1;0;0;0;0
per lui non c'è stato nulla da fare;0;0;0;0;1;0;0;0;0;0
È morto enrico goldoni, il 49enne originario di soliera, nel modenese, che giovedì scorso era rimasto coinvolto in un drammatico incidente sull'autostrada a9;1;1;0;0;1;1;0;0;0;1
incredibile incidente verso le 10 di sabato mattina a castellanza, dove un camion della sieco, l'azienda che si occupa della nettezza urbana, è rimasto in bilico sul ponte di via binda che sovrasta l'olona;1;1;1;0;0;0;0;0;0;0
investita e rapinata;0;0;0;0;0;0;0;0;1;0
pomeriggio da incubo quello di giovedì per una donna di 28 anni, un giovane albanese, che è stata travolta da uno scooter e poi derubata - dal guidatore dello stesso scooter - nel giro di pochi attimi;0;1;1;1;0;1;1;1;0;1
un uomo di 55 anni lotta tra la vita e la morte dopo essere rimasto coinvolto in un incidente in via novara (periferia ovest di milano) nella mattinata di giovedì 19 gennaio;1;1;1;1;1;1;0;0;0;1
traffico in tilt sull'autostrada a8 varese-milano a causa di un incidente tra un'auto e un mezzo pesante avvenuto nel tratto tra legnano e il bivio con la a9, in direzione del capoluogo lombardo;1;1;0;0;0;1;0;1;0;0
lo schianto è avvenuto poco dopo la mezzanotte tra martedì e mercoledì;0;0;1;0;0;0;0;0;0;0
alba di sangue sull'autostrada a8, teatro mercoledì mattina di un incidente costato la vita a un uomo di 54 anni;1;1;1;0;1;1;0;1;0;0
il dramma si è consumato pochi minuti prima delle 5 a legnano, nel tratto in cui si trova il bivio tra l'a8 e l'a9;1;1;1;0;1;0;0;0;0;0
lo schianto è avvenuto mattina intorno alle 720 nel tratto monza centro e l'allacciamento con la tangenziale nord di milano;1;1;1;0;0;0;0;0;0;0
un uomo di 55 anni, tiziano taini, è morto dopo essere finito con la sua auto nel naviglio in secca ad abbiategrasso (hinterland ovest di milano) nella notte tra sabato e domenica 15 gennaio;1;1;1;0;1;1;0;0;0;1
era arrivato in ospedale in codice rosso con la gamba tranciata dal ginocchio in giù;0;0;0;0;0;1;0;0;0;1
portato immediatamente in sala operatoria i chirurghi dell'ospedale san gerardo non hanno potuto salvargliela;0;0;0;0;0;1;0;0;0;0
ha perso la gamba sinistra il giovane rider, un 29enne residente a monza, rimasto coinvolto nell'incidente avvenuto domenica sera ad usmate velate, in brianza;0;1;0;0;0;1;0;0;1;1
drammatico incidente lungo l'autostrada a4 all'alba di lunedì 16 gennaio;1;1;1;1;1;0;0;0;0;0
coinvolti quattro mezzi pesanti, morto un uomo di 49 anni;0;0;0;0;1;0;0;0;0;0
l'incidente è avvenuto poco prima delle 530 sull'autostrada a4 venezia-torino;1;1;1;0;0;0;0;0;0;0
È morto il motociclista di 55 anni che era rimasto gravemente ferito dopo essersi schiantato venerdì sera contro un suv;0;1;1;0;1;1;0;1;0;1
brutto incidente ieri sera, poco prima delle ore 20, in via dello scalo a bologna, dove - per dinamiche ancora in via di accertamento - un pedone è stato investito da un autobus ed è finito in ospedale in gravi condizioni;1;1;1;0;1;1;0;0;1;1
traffico bloccato sulla porrettana a causa di un incidente stradale avvenuto nella tarda mattinata odierna;1;1;1;1;0;0;0;1;0;0
da quanto si apprende, a causa della fuoriuscita autonoma di un pezzo pesante nei pressi del km 119,200, la strada statale 64 è temporaneamente chiusa – in entrambe le direzioni di marcia – in località altedo, nella città metropolitana di bologna;1;1;0;0;0;0;0;1;0;0
e' il verdetto del processo in rito abbreviato avvenuto stamane a carico dell'ex assessore alla cultura in comune, roberto grandi, che aveva investito il giovane matteo prodi, pronipote dell’ex premier romano, mentre era in sella alla sua bici;0;0;0;0;0;0;0;0;1;0
lo schianto fatale per il 18enne era avvenuto nel 27 febbraio del 2020 all’incrocio tra via di barbiano e via degli scalini, sui colli bolognesi;1;1;1;1;1;0;0;0;0;0
non ce l'ha fatta il pedone investito lo scorso 2 gennaio mentre attraversava la strada, sulle strisce pedonali, a vergato;1;1;1;0;1;0;0;0;1;1
e' ancora ricoverato nel reparto di rianimazione con una prognosi riservata il 45enne che domenica 4 dicembre, poco prima di mezzogiorno, è finito fuori strada e poi nei campi della frazione di riccardina di budrio;1;1;1;0;1;1;0;1;0;0
sabato 3 dicembre, un anziano ha perso la vita a imola e, anche in questo caso, non ci sarebbero altri veicoli coinvolti nel sinistro;1;1;1;0;1;0;0;0;0;0
la presidente emma petitti e tutta l’assemblea legislativa dell’emilia-romagna si stringono ai familiari di pironi, già sindaco di riccione e consigliere regionale dal 2005 al 2009, scomparso ieri in un tragico incidente stradale sull'a4, a san donà di piave;1;1;0;0;1;0;0;0;0;1
altro incidente mortale sulle nostre strade;0;0;0;0;1;0;0;0;0;0
la vittima è un centauro di 46 anni, coinvolto nello scontro con un'automobile ieri sera a porretta terme, sull'appennino bolognese;1;1;1;0;1;0;1;0;0;0
59 i morti (5 in più) e 4865 i ferite (1460 in più), dati in aumento ma con numeri vicini ai dati del 2019 e degli anni precedenti ad esclusione del 2020, anno di ridotta mobilità dovuta al lockdown: nel 2019 avevamo 3805 incidenti, 68 decessi, 5197 feriti;0;1;0;0;1;1;0;0;0;0
59 i morti (5 in più) e 4865 i ferite (1460 in più), dati in aumento ma con numeri vicini ai dati del 2019 e degli anni precedenti ad esclusione del 2020, anno di ridotta mobilità dovuta al lockdown: nel 2019 avevamo 3805 incidenti, 68 decessi, 5197 feriti;0;1;0;0;0;1;0;0;0;0
e' questo il nome del ciclista che ieri ha perso la vita sulle rive del torrente quaderna;1;0;0;0;1;0;0;0;1;0
80 anni, ma un fisico atletico e la passione per le due ruote, tarroni è stato travolto e ucciso da un'auto sulla sp29, a molinella;1;1;0;0;1;1;0;0;0;1
gravissimo incidente questa mattina a san lazzaro di savena, in direzione monterenzio;1;1;1;1;1;1;0;1;0;0
da quanto si apprende due auto si sarebbero scontrate violentemente, e una sarebbe finita nel fosso adiacente alla carreggiata;0;1;0;0;1;0;0;0;0;0
e' attualmente in prognosi riservata in rianimazione il 35enne di origini pakistane che ieri mattina è rimasto gravemente ferito dopo un incidente stradale occorso nelle campagne tra budrio e granarolo;1;1;1;0;1;1;0;0;0;1
lo schianto si è verificato intorno alle dieci del mattino: qui l'uomo, che rimane ricoverato al maggiore di bologna, era a bordo del suo scooter quando -per ragioni ancora al vaglio dei carabinieri di molinella, che si sono occupati dei rilievi- all'altezza di un incrocio è avvenuto lo scontro con una auto che si apprestava ad attraversare;0;1;1;1;1;0;1;1;0;0
nell'impatto, il 35enne è stato sbalzato in aria per poi ricadere a terra;0;1;0;0;0;0;0;0;0;0
la polizia locale, intervenuta anch'essa sul posto, ha provveduto poi a sequestrate il ciclomotore, poiché trovato sprovvisto di assicurazione e revisione;0;1;0;0;0;0;0;0;0;0
e' morta la 26 enne di san pietro in casale, a causa delle conseguenze del brutto incidente che l'ha vista coinvolta lo scorso mercoledì sulla statale 253bis (ex trasversale di pianura), vicino a bentivoglio;1;1;1;0;1;1;0;1;0;0
È caccia all'automobilista che ieri mattina ha urtato una ragazza sulle strisce pedonali, non fermandosi a prestare soccorso;0;0;0;0;0;0;0;0;1;0
traffico bloccato e soccorsi in forze nel primo pomeriggio lungo la a13, dove una ragazza di soli 22 anni è rimasta vittima di un incidente stradale che ha visto coinvolti un furgone e un camion, in marcia entrambi in direzione di ferrara e andati a impatto all'altezza del km 26;1;1;1;1;1;1;0;0;0;1
tamponamento nel tardo pomeriggio di ieri a castenaso tra due auto;1;1;1;0;0;0;0;0;0;0
l'incidente è avvenuto lungo la sa vitale tra due auto, e a causa dell'impatto uno dei due automobilisti è rimasto ferito;1;1;0;1;1;0;0;0;0;0
lanciato l'allarme sul posto sono intrervenute due ambulanze, e i volontari dell'anc e ac oltre le autorità competenti;0;1;0;0;0;0;0;0;0;0
806 incidenti a bologna nei primi sei mesi del 2021 con un picco di 189 sinistri nel mese di giugno;1;0;0;0;0;0;0;0;0;0
qui, infatti, è avvenuto l'incidente tra due vetture: ferito, e traportato all'ospedale maggiore, il conducente dell'auto tamponata;0;1;0;0;0;1;0;1;0;0
il conducente è rimasto incastrato all'interno del mezzo e per liberarlo è stato necessario l'intervento dei vigili del fuoco, mentre i sanitari l'hanno poi trasportata in ospedale;0;1;0;0;0;1;0;0;0;1
l'incidente è avvenuto poco dopo le 9 di oggi, 16 luglio, nel territorio comunale di calderara di reno, in via persicetana;1;1;1;0;0;0;0;0;0;0
È il campione di motociclismo andrea dovizioso il testimonial di ‘guida sicura e consapevole’, la nuova campagna di informazione per sensibilizzare le persone al rispetto delle norme del codice della strada, realizzata dall’osservatorio regionale per l’educazione alla sicurezza stradale;0;0;0;0;0;0;0;1;0;0
aveva finito il turno all'ospedale maggiore la pattuglia della polizia penitenziaria e mentre faceva rientro al carcere della dozza si è imbattutta in un incidente stradale tra l'uscita 5 e 6 della tangenziale;1;1;0;0;0;0;0;1;0;1
tre le auto coinvolte e un principio di incendio;0;0;0;0;1;0;0;0;0;0
gravissimo incidente nella mattinata di oggi sulla in a1 all’altezza di cadeo, in direzione bologna;1;1;1;0;1;1;0;1;0;0
dopo l’impatto uno dei tir ha preso fuoco;0;0;0;0;1;0;0;0;0;0
due le vittime;0;0;0;0;1;0;0;0;0;0
un ragazzino di 14 anni in bicicletta è stato investito oggi pomeriggio lungo la san vitale;1;1;1;0;0;0;0;0;1;1
due incidenti stradali stanno provocando disagi intorno a bologna;1;0;0;0;0;0;0;0;0;0
immediatamente è stato lanciato l'allarme e sul posto sono giunti tre mezzi della polizia locale, il 118 e l'elisoccorso, oltre a un equipaggio dell'anc e ac;0;1;0;0;0;0;0;0;0;0
brutto schianto nella serata di ieri a molinella, nel quale sono rimaste ferite due persone;1;1;1;0;1;0;0;0;0;1
e' ricoverato in rianimazione in prognosi riservata, ma non in pericolo di vita, il 74enne che ieri nel pomeriggio è stato travolto da una utilitaria all'altezza di piazza di porta maggiore;1;1;1;0;1;1;0;0;1;1
l'uomo era in sella alla sua bicicletta quando è avvenuto l'incidente;0;0;0;0;0;0;0;0;1;0
il 74enne, che stava attraversando i viali, è stato sbalzato sul parabrezza del mezzo, per poi cadere a terra;0;1;0;0;0;1;0;0;0;1
il mezzo a motore, condotto da un quarantenne, secondo i rilievi della polizia locale stava procedendo nella stessa direzione;0;0;0;0;0;0;0;1;0;0
sicuramente la pandemia ha influito, limitando gli spostamenti, ma, in tutti i casi, nei primi 9 mesi del 2020, incidenti, feriti e morti sulle strade sono calati, come rivela il report della città metropolitana;0;1;0;0;0;0;0;1;0;0
incidente mortale oggi lungo l'autostrada  a14, all'altezza del chilometro 28 - direzione bologna, nei pressi del territorio di ozzano;1;1;0;0;1;0;0;0;0;0
nell'incidente, avvenuto intorno le 12:30 nel tratto tra san pietro in casale e san lazzaro di savena, sono rimasti coinvolti due furgoni e lanciato l'allarme sul posto sono intervenuti i sanitari del 118, i vigili del fuoco, la polizia stradale e l'aspi;1;1;1;0;0;0;0;0;0;1
incidente mortale a san pietro in casale;1;0;0;0;1;0;0;0;0;0
nel tardo pomeriggio di oggi 27 febbraio un anziano di 80 anni, giampaolo parmeggiani, residente del posto, è stato travolto da un'auto in corrispondenza dell'incrocio tra via pescerelli con via iv novembre;1;1;1;0;1;0;0;0;1;0
alle ore 10:00 circa sull’autostrada a14 bologna - taranto è stato riaperto il tratto compreso tra pesaro-urbino e cattolica in direzione bologna temporaneamente chiuso a causa di un tamponamento tra due mezzi pesanti ed un furgone all’altezza del km 148;1;1;1;0;0;0;0;1;0;0
alle 1830 è ancora chiuso per incidente il tratto verso bologna della a1 milano-napoli tra calenzano e il bivio con la a1 direttissima verso bologna, a seguito del tamponamento tra cinque camion ( enon 4 come appreso precedentemente) e una vettura avvenuto al km 272;1;1;1;0;0;0;0;1;0;0
all'interno del tratto il traffico è bloccato e si segnalano 6 km di coda;0;1;0;0;0;0;0;0;0;0
Incidente a San Lazzaro: malore alla guida, perde il controllo dell'auto e finisce in un fosso;1;1;0;1;0;1;0;1;0;0
Incidente oggi pomeriggio in via Palazzetti a San Lazzaro di Savena, dove un automobilista è fuoriuscito dalla carreggiata, finendo in un fossato e sbattendo contro un manufatto per lo scolo delle acque;1;1;1;1;0;1;0;0;0;1
Incidente in A13: camion esce di strada e si ribalta, due feriti;1;1;0;0;1;0;0;0;0;0
E' fuoriuscito dalla careggiata dell'autostrada ribaltandosi poi in un canale il tir che questa mattina all'alba trasportava materiale dedicato all'ortofrutta, lungo l'A13 Bologna - Padova;1;1;1;0;0;0;0;1;0;0
Incidente a Lizzano: scontro bici-auto, 19enne grave al Maggiore;1;1;0;1;0;1;0;1;1;0
Una giornata impegnativa quella di oggi, 16 maggio, per il Soccorso Alpino e Speleologico della Stazione Corno alle Scale, a causa di un grave incidente che ha coinvolto un giovane;0;1;1;1;1;1;0;1;0;1
I Carabinieri del Nucleo Operativo Radiomobile della Compagnia di San Giovanni in Persiceto indagano per risalire agli autori di un furto aggravato e maltrattamento di animali;0;1;0;0;0;0;0;0;0;0
“Questo drammatico episodio non può essere derubricato a mero episodio di cronaca, o a semplice incidente stradale: la presenza ormai indiscriminata dei cinghiali alle porte della città chiama direttamente in causa le responsabilità politiche-amministrative di chi deve governare la fauna selvatica, e che, evidentemente, dimostra di non esserne capace. Ebbene, Regione Emilia-Romagna è in testa nella lista delle responsabilità”;0;0;0;0;0;1;0;0;0;0
Così Michele Facci, ex PDL, ora concigliere regionale della Lega, commentando l'incidente stradale che è costato la vita ad Aniello Carotenuto, il quale ha perso il controllo dell'auto, dopo aver investito un cinghiale, in località Colunga, a San Lazzaro di Savena;1;1;0;1;1;1;0;1;0;1
Mortale l'incidente avvenuto ieri sera nel territorio di San Lazzaro di Savena, lungo la complanare nella frazione di Colunga;1;1;0;0;1;0;0;1;0;0
"Un uomo di 44 anni, Aniello Carotenuto, residente a Bologna, a bordo di un'auto della vigilanza privata ""La Patria"" viaggiava in direzione Ozzano e si è schiantato contro un grosso cinghiale spuntato improvvisamente sulla strada";0;1;0;0;0;1;0;0;0;0
Ha colpito un furgone parcheggiato a bordo strada in via San Donato a Granarolo, e nonostante il forte impatto si è data alla fuga non preoccupandosi né dei possibili danni arrecati né se qualcuno si fosse ferito;1;1;0;0;0;1;0;1;0;0
E' successo ieri , intorno alle 13, e a finire nei guai una donna di 52 anni alla guida di una Hyundai;0;0;1;0;0;0;0;0;0;0
Incidente tra Bologna e Zola: scontro scooter-Suv, morto il centauro;0;1;0;0;1;0;1;1;0;0
Un uomo di 60 anni, residente a Zola Predosa, è deceduto oggi, 24 febbraio, a seguito di un incidente nel territorio di Bologna, al confine con Zola Predosa, in via Morazzo;1;1;1;0;1;0;0;0;0;1
Si tratta del motociclista, in sella a uno scooter, coinvolto in uno scontro con un Suv, poco prima della 12.30;0;1;1;1;0;0;1;1;0;0
"Incidente sulla A13: camion esce di strada e ""disperde"" centinaia di stecche di sigarette di contrabbando";1;1;0;0;0;1;0;0;0;0
La Polstrada di Altedo – Malalbergo ha effettuato un maxi-sequestro di sigarette dispersi da un mezzo pesante incidentato;0;1;0;0;0;0;0;0;0;0
Incidente a San Matteo della Decima: perde il controllo, l'auto finisce nel fosso;1;1;0;1;0;1;0;0;0;0
E' accaduto eri sera poco dopo le 18, quando la sala operativa del 115 è stata allertata dal 118 per un incidente stradale, avvenuto a nel frazione di San Matteo della Decima in Località Arginone, nel territorio di San Giovanni in Persiceto;1;1;1;0;0;0;0;0;0;0
Incidente a Castenaso: scoppia una gomma, schianto frontale e due feriti;1;1;0;0;1;0;0;1;0;1
Sono due le persone rimaste ferite nell'incidente frontale avvenuto questa mattina alle 11:40  lungo la provinciale 86, nel territorio di Castenaso;1;1;1;1;1;0;0;0;0;1
Da quanto si apprende tutto sarebbe accaduto per lo scoppio di una gomma di un Ford Fiesta guidata da un uomo di 75 anni, che guidava verso Minerbio;0;1;0;0;0;1;0;0;0;0
A causa del cedimento del manto stradale, una betoniera usata per la manutenzione del canale emiliano-romagnolo, è rimasta bloccata;0;1;0;0;0;0;0;0;0;0
La chiamata lla sala operativa del 115 è arrivata alle 11.30 di oggi, 11 febbraio;0;0;1;0;0;0;0;0;0;0
E' stato riaperto il tratto chiuso per incidente tratto della A1 verso Milano, tra Fidenza e il bivio con la A15 Parma-La Spezia Nel sinistro, avvenuto al km 99,200 alle ore 7:20, sono rimasti coinvolti due mezzi pesanti;1;1;1;0;0;1;0;1;0;0
 Dopo un tamponamento, un autoarticolato ha effettuato un salto di carreggiata, dalla carreggiata sud alla carreggiata nord, con parziale dispersione di carico consistente in sbarre di ferro;0;1;0;0;0;0;0;0;0;0
Anche una compagnia assicuratriva con sede a Bologna è citata, suo malgrado, nell'inchiesta per i falsi sinistri stradali che vede coinvolte 12 persone, quattro carabinieri, in servizio all'epoca alla compagnia di Mercato San Severino (SA), due medici, un avvocato e cinque cittadini;0;1;0;0;0;0;0;0;0;0
Un incidente stradale non grave, da quanto si apprende, sta causando forti disagi agli automobilisti in Porta San Vitale;0;1;0;0;0;0;0;0;0;0
San Lazzaro: incidente in via Repubblica, ciclista in ospedale;1;1;0;0;0;0;0;0;1;0
E' stato trasportato in condizioni di media gravità al pronto soccorso del Maggiore il ciclista caduto sull'asfalto oggi pomeriggio, alle 15,  all'intersezione tra via Repubblica e via Venezia a San Lazzaro di Savena;1;1;1;0;1;1;0;1;1;0
Un autobus di linea Tper è finito nel fossato al lato strada;0;1;0;0;0;0;0;0;0;0
Sul posto oltre al 115, anche la Polizia locale e gli ispettori di Tper;0;1;0;0;0;0;0;0;0;0
E' stato riaperto poco dopo le 11:30 il tratto tra Reggio Emilia e Campegine-Terre di Canossa in direzione Milano temporaneamente chiuso a causa di un incidente avvenuto al chilometro 132,3 che ha coinvolto un mezzo pesante e un autocarro di ASPI e nel quale un addetto alla manutenzione autostradale è rimasto ferito;1;1;0;1;0;1;0;1;0;1
Un 51enne della provincia di Bologna che procedeva a bordo di un Bmw da via Chiese Catene verso Fusignano, giunto all'incrocio con via Lunga Inferiore, pnon si è accorto che dalla propria destra stava arrivando un pulmino di una cooperativa che effettua servizi di trasporto a scuola dei bambini delle elementari, proveniente da Sant'Agata sul Santerno;1;1;0;0;0;0;0;0;0;1
I due mezzi si sono scontrati e il scuolabus si è ribaltato;0;1;0;0;0;0;0;0;0;0
Traffico: incidente in A1 tra auto, code e rallentamenti;1;0;0;0;0;0;0;0;0;0
Dall'alba lunghe code e rallentamenti in A1 per traffico intenso, e poco più di 8 chilometri di coda sono stati registrati questa mattina tra Sasso Marconi e il bivio Variante di Valico, per un incidente tra due auto;1;1;1;0;0;1;0;1;0;1
Incidente a Castiglione dei Pepoli: si schianta contro un muro, grave al Maggiore;1;1;0;0;1;1;0;1;0;0
Ha perso il controllo del veicolo, è uscito fuori strada e si è schiantato contro un muro;0;1;0;1;0;1;0;1;0;0
E' accaduto oggi alle 14, in via Badia Nuova nel comune di Castiglione dei Pepoli;1;1;1;0;0;0;0;0;0;0
Vittima dell'incidente, un uomo di 59 anni residente nel paese dell'Appennino;0;1;0;0;1;0;0;0;0;0
Si registra una coda di 8 km tra Bologna Interporto e Bivio A13/A14 Bologna-Taranto per incidente;1;1;0;0;0;0;0;1;0;0
Lanciato l’allarme sul posto è intervenuta la Polizia Locale che ha eseguito tutti i rilievi, e i colleghi di Ozzano che hanno coadiuvato la viabilità : lo schianto infatti, è avvenuto poco dopo le 18, orario di punta lungo la via Emilia;0;1;1;1;0;0;0;1;0;0
Incidente in via Pederzana a Villanova di Castenaso, dove un camion che traportava una gru, durante il transito ha 'agganciato' due pali dell'alta tensione sradicandoli dal terreno, distruggendo anche parte dell'impianto del passaggio a livello del treno;1;1;0;1;0;1;0;0;0;1
E' stato necessario l'intervento dei Vigili del Fuoco del distaccamento di Pianoro per estrarre da una vettura coinvolta in un incidente quattro persone;1;1;0;0;0;1;0;0;0;1
Versa in gravi condizioni il 51enne bolognese che è stato investito questa mattina poco prima delle 8 in via Saffi, un centinaio di metri dopo la porta;1;1;1;0;1;1;0;0;1;1
A travolgerlo, un 72enne al volante di una Fiat Panda, in transito sulla corsia preferenziale, con direzione centro;0;1;0;0;0;1;0;1;0;0
Incidente a Ozzano: ferita una bambina, traffico bloccato;1;1;0;0;0;0;0;0;0;1
Lo schianto è avvenuto tra due auto, a ridosso dell’incrocio, e la ricostruzione della dinamica è ancora al vaglio della Polizia Locale, intervenuta non appena è stato lanciato l’allarme;0;1;0;1;0;0;0;0;0;0
Incidente a Persiceto: auto esce di strada e si ribalta, ferite madre e figlia;1;1;0;0;1;1;0;0;0;1
Brutto incidente oggi pomeriggio in via Sasso, a San Giovanni in Persiceto;1;1;1;0;1;0;0;0;0;0
Per motivi ancora al vaglio delle autorità, una vettura è uscita fuori strada, ribaltandosi su un lato;0;0;0;0;0;0;0;1;0;0
E' rimasto incastrato tra le lamiere della propria vettura, l'82enne che questa mattina, poco dopo le 10.30, a bordo della sua Fiat Punto è uscito di strada lungo la via Emilia a San Lazzaro;1;1;1;0;0;0;0;0;0;1
Una donna di circa 80 anni, Maria Pasti, è la vittima di un incidente mortale avvenuto oggi pomeriggio;0;0;1;1;1;1;0;0;0;1
E' stata investita ed è deceduta intorno alle 16,30: la tragedia è avvenuta all'incrocio tra via Canaletto e via Garibaldi a Minerbio;1;1;0;1;1;1;0;1;1;0
L'anziana, era in sella alla sua bicicletta quando è stata travolta da un camion;0;1;0;0;0;0;0;0;1;0
Auto incendiata sulla Porrettana, un morto: strada riaperta al traffico;1;1;0;0;1;0;0;0;0;0
Incidente in A13: schianto sotto al camion, automobilista miracolosamente illeso;1;1;0;0;0;0;0;0;0;1
Guidava in autostrada lungo la prima corsia, direzione Bologna, e non si sarebbe reso conto del camion che lo precedeva, schiantandosi improvvisamente contro il mezzo pesante e incastrandosi sotto chili di lamiere;0;1;0;0;1;1;0;1;0;1
Incidente a Granarolo: colpisce centauro e fugge, caccia al taxi pirata;1;1;0;0;0;0;1;0;0;0
Avrebbe attraversato l'incrocio nonostante il semaforo rosso, centrando in pieno un centauro che a causa dell'impatto è caduto rovinosamente sull'asfalto;0;1;0;0;1;1;1;1;0;0
Incidente a San Lazzaro: centauro ferito, caccia all'auto pirata;1;1;0;0;1;0;1;0;0;0
Investito lungo la Fondovalle da un tir: muore 88enne di Pian di Macina;1;0;0;0;1;0;0;0;1;1
Pierino Vitali, 88 anni, pensionato residente a Pian di Macina, è l'uomo che ha perso la vita ieri pomeriggio dopo essere stato travolto da un tir;0;1;0;0;1;1;0;0;1;1
Sarebbe stato investito da un tir in transito l’uomo morto nel tardo pomeriggio di oggi, lungo la Fondovalle, nel territorio di Pian di Macina, a Pianoro.;1;1;0;1;1;1;0;0;1;0
Incidente a Castenaso, schianto auto - moto: un ferito;1;1;0;0;1;0;1;1;0;0
Un incidente tra una moto e un'auto è avvenuto lungo via Cà dell'Orbo nella piccola frazione di Marano di Castenaso, questa mattina poco prima delle otto, e la strada è stata chiusa per permettere alle autorità di eseguire tutti i rilievi;1;1;1;0;0;0;0;1;0;0
Incidente tra mezzi pesanti a Castenaso: morto un camionista;1;1;0;0;1;0;0;0;0;0
E' deceduto all'ospedale Maggiore il camionista di 47 anni, vittima dell'incidente avvenuto oggi pomeriggio a Castenaso, in località Fossamarza, all'incrocio con via Birbanteria;1;1;1;0;1;1;0;0;0;0
Incidente sulla A1: scontro camion-moto, un morto;1;0;0;0;1;0;1;1;0;0
Poco dopo le ore 18.00 sul Raccordo di Casalecchio è stato riaperto il tratto compreso tra il bivio con l'A14 e Casalecchio, in direzione dell'A1, precedentemente chiuso a causa di un incidente;1;1;1;0;0;0;0;1;0;0
La dinamica di quanto accaduto è ancora tutta da ricostruire, ma lo schianto tra un camion che trasportava vetro e un camion della nettezza urbana è stato violento;0;1;0;0;0;0;0;0;0;0
Inizialmente sembrava un incidente mortale, ma dietro l'investimento avvenuto questa mattina alle 10.30, in via Mora, nella frazione di Tintoria di Minerbio, c'era una lite tra due autotrasportatori per futili motivi scoppiata nel parcheggio dello zuccherificio;1;1;1;0;1;0;0;0;0;0
Incidente nella notte sulla A1: furgone si ribalta, un morto e due feriti;1;1;1;0;1;0;0;0;0;0
Incidente frontale lungo la Fondovalle: un morto;1;1;0;0;1;0;0;0;0;0
Da quanto si apprende due auto sarebbero rimaste coinvolte in un violento schianto, forse frontale;0;1;0;0;1;0;0;0;0;0
Sulla A14 tra Bologna Fiera e Castel San Pietro code verso Ancona, tra Bologna Fiera e Castel San Pietro verso Ancona, si segnalano 8 km di coda, a causa di un incidente;1;1;0;1;0;1;0;1;0;0
Incidente ieri sera in Bolognina: una Audi A3 e una Fiat Multipla si sono scontrati all'incrocio tra via Bigari e via Algardi;1;1;1;0;0;0;0;0;0;0
Nell'impatto la monovolume è volata su un fianco, per poi capottarsi completamente;0;1;0;0;0;0;0;1;0;0
 Poche notizie al momento sulle persone conivolte, ma il conducente del mezzo ribaltato è stato trasportato in ospedale in condizioni di media gravità;0;0;0;0;1;0;0;0;0;0
La polizia di stato, intervenuta sul posto assieme alla polizia locale, non ha trovato nessuno all'interno dell'auto rubata, ma testimoni hanno riferito di aver visto questtro persone allontanarsi subito dopo l'impatto con l'auto;0;1;0;0;0;0;0;0;0;1
Incidente a Medicina: 2 feriti estratti dalle lamiere dai Vigili del Fuoco;1;0;0;0;1;0;0;0;0;0
Brutto incidente tra due auto ieri sera a Medicina, lungo via San Vitale Est, in località Crocetta;1;1;1;0;0;0;0;0;0;0
Lo schianto è avvenuto poco dopo le 21, 15 e sul posto sono arrivati i Vigili del Fuoco e i Carabinieri;0;1;1;1;0;0;0;0;0;0
Poteva finire in tragedia l'incidente avvenuto in via dei Gelsi, in località Ponticella,  a San Lazzaro di Savena;1;1;0;0;1;0;0;1;0;0
Questa mattina infatti, un autocarro è entrato nella piccola traversa, finendo contro un'auto in sosta;0;1;1;0;0;0;0;0;0;0
La vettura è finita contro il guardrail ed è stato necessario l'intervento dei Vigili del fuoco che sono intervenuti con una squadra con il mezzo in assetto “soccorso per incidenti stradali”;0;1;0;1;0;1;0;1;0;0
Incidente a Medicina, ferite mamma e due figlie: Aurora non ce l'ha fatta;1;0;0;0;1;0;0;0;0;0
Non ce l'ha fatta Aurora, la bimba di 4 anni, vittima dell'incidente avvenuto ieri sera a Medicina, nella frazione di Fossatone;1;1;0;1;1;1;0;0;0;1
La piccola era in auto con la mamma 32enne e la sorella 14enne, quando I'auto, una Fiat Punto, è uscita di strada, schiandosi contro un muretto e poi carambolare nel fosso;0;1;0;0;0;0;0;0;0;1
Incidente sulla A13, quattro feriti: camionista denunciato per attentato alla sicurezza dei trasporti;1;1;0;0;1;1;0;0;0;1
Aveva il cronotachigrafo alterato da una calamita posizionata sul bulbo installato sulla scatola del cambio, l'autoarticolato, condotto da un 66enne, che nel pomeriggio di venerdì 30 agosto si è scontrato sulla A13 con tre veicoli fermi in coda, con un’intera famiglia rimasta coinvolta e ferita a seguito del tamponamento;1;1;1;0;1;1;0;0;0;1
"L'auto della Polizia stradale si stava immettendo sul nodo autostradale di Bologna quando è sopraggiunto un mezzo pesante che l'ha ""schiacciata"" contro il new jersey";1;1;0;1;0;1;0;0;0;0
Come riferisce Ravenna Today, un 45enne della provincia di Bologna, che stava percorrendo l'A14, si è fermato in una piazzola di servizio, quando all'improvviso è stato travolto e investito da un camion;1;1;0;1;1;1;0;1;1;1
Incidente a Monterenzio: Suv si ribalta e blocca la carreggiata, disagi al traffico;1;1;0;0;0;0;0;1;0;0
Un Suv si è ribaltato bloccando una carreggiata;0;1;0;0;0;0;0;0;0;0
San Lazzaro, azzarda un'inversione e provoca incidente: incastrato dalle telecamere;1;1;0;0;0;0;0;1;0;0
Stava guidando in direzione Bologna quando, sul lato opposta della corsia di marcia, ha visto un parcheggio e senza pensarci due volte ha azzardato un'inversione a 'U' , nonostante la presenza della striscia 'continua';0;1;0;0;0;1;0;1;0;0
Incidente in A1, un morto: traffico bloccato la domenica del rientro;1;0;0;0;1;0;0;0;0;0
Un altro incidente mortale domenica mattina, poco dopo le 7.30, sulla A1 Milano-Napoli nel tratto tra il bivio con l'A22 e Reggio Emilia, in direzione Milano;1;1;1;1;1;1;0;1;0;0
A scontrarsi sono state una moto e un'auto: il motociclista ha perso la vita, mentre altre due persone sono rimaste ferite;0;1;0;0;1;1;1;1;0;0
La vittima è un uomo di 58 anni residente a Cervia, come riferisce Ravenna Today;0;1;0;0;0;0;0;0;0;0
Incidente mortale sulla A14: chi era la giovane vittima;1;0;0;0;1;1;0;0;0;0
L'incidente è avvenuto sulla A14, nel tratto da Cesena Nord e Forlì, al km 82;1;1;0;1;0;0;0;0;0;0
Un tratto della strada statale 64 “Porrettana” è temporaneamente chiuso al traffico, a causa di un incidente avvenuto nei pressi del km 102, nel territorio comunale di Castel Maggiore, in provincia di Bologna;1;1;0;0;0;0;0;1;0;0
VIDEO| Porta Sant'Isaia: scontro auto-bici sui viali;0;0;0;0;0;0;0;0;1;0
Scontro tra un'auto e una bici questa notte, intorno all'una, sui viali di Porta Sant'Isaia, all'angolo con via Andrea Costa;1;1;1;0;0;0;0;0;1;0
Sul posto sono intervenuti l'ambulanza e i sanitari del 118 e la Polizia Locale per i rilievi;0;1;0;0;0;0;0;0;0;0
Un impatto violentissimo questa notte in via Dozza a Castel Guelfo. Un automobilista 52enne, residente in provincia di Biella, per cause da accertare, è finito fuori strada mentre si trovava al volante di una Smart;1;1;1;0;1;1;0;0;0;1
Incidente a Molinella: finisce in un canale, 36enne positivo alla cocaina;1;0;0;0;0;0;0;0;0;0
Brutto incidente ieri sera a ridosso dell’incrocio tra via Turati e via Frullo a Castenaso;1;1;1;0;1;0;0;0;0;0
Poco dopo mezzanotte e mezza, l’allarme è stato lanciato per un violento schianto che ha coinvolto due auto : una Fiat 500 con a bordo un gruppo di giovani, e un’utilitaria sulla quale viaggiava un uomo;0;1;1;0;1;0;0;0;0;1
Alla base dell’incidente forse una mancata precedenza al semaforo, ma l’esatta dinamica di quanto accaduto è ancora al vaglio dei carabinieri, intervenuti sul posto sia per i rillievi sia per coadiuvare il traffico;0;1;0;0;0;0;0;0;0;0
Ad avere la peggio l’uomo alla guida dell’utilitaria: per estrarlo dalle lamiere della sua vettura infatti, è stato necessario l’intervento dei vigili del fuoco che hanno lavorato per più di mezz’ora prima di riuscire a raggiungerlo;0;1;0;0;0;1;0;0;0;0
Si e schiantato contro il marciapiede ed è stato sbalzato;0;0;0;0;0;0;0;1;0;1
Non c'è stato nulla da fare per un 45enne che poco prima delle 20 di ieri 22 luglio ha perso il controllo dello scooter;0;0;1;0;1;0;1;1;0;1
Incidente mortale bici-furgone: vittima un professore dell'Alma Mater;0;0;0;0;1;1;0;0;1;0
E'  Piermaria Luigi Rossi,  geologo e professore emerito all'Alma Mater Studiorum - Università di Bologna, l'uomo di 79 anni  morto ieri a Rimini, dopo una violenta collisione con un furgone;1;0;0;0;1;1;0;0;0;0
Originario di Rimini, ma residente a San Lazzaro di Savena  e in pensione da circa due anni, è deceduto poco dopo il trasporto in ospedale;0;0;0;0;1;0;0;0;0;0
Incidente a Castel San Pietro: auto si incendia dopo l'impatto;1;1;0;0;1;0;0;0;0;0
Una di esse nell'impatto ha preso fuoco;0;1;0;0;1;0;0;0;0;0
Alle ore 16:20 circa, è stato riaperto il tratto tra Bologna San Lazzaro e Bologna Fiera in direzione della A1 Milano-Napoli, precedentemente chiuso a causa di un incidente avvenuto al km 19+800, nel quale sono rimasti coinvolti due mezzi pesanti, uno dei quali ha disperso parte del carburante in carreggiata, e nel quale una persona è rimasta ferita;1;1;1;0;1;1;0;1;0;1
Incidente in Appennino: 15enne gravissimo dopo una caduta dalla bici, si sospetta auto pirata;0;1;0;0;1;1;0;1;1;0
Versa in gravissime condizioni un ragazzo di 15 anni, dopo le 20, è caduto dalla bicicletta a Zocca, in via Tesi, la strada provinciale che attraversa il paese dell'Appennino;1;1;1;1;1;1;0;1;1;1
Viale Vighi: gasolio sulla carreggiata, tre incidenti in pochi minuti;1;1;0;0;0;0;0;1;0;0
Tre incidenti al Savena in pochi minuti questa mattina: due scooteristi sono caduti a terra e un'auto ha sbandato ed è finita fuori strada a causa di uno sversamento di gasolio sulla carreggiata da parte di un mezzo pesante;1;1;1;0;0;1;1;1;0;1
Incidente sulla A13, un morto: riaperto il tratto autostradale;1;0;0;0;0;1;0;0;0;0
A causa dell'incidente un uomo di 64 anni ha perso la vita;0;0;0;0;1;1;0;0;0;1
I vigili del fuoco hanno dovuto lavorare ore per estrarre il corpo ormai senza vita dall'abitacolo del camion;0;1;0;0;0;1;0;0;0;1
Tratto chiuso per incidente sulla A13 Bologna-Padova tra Altedo e Bologna Arcoveggio, in idrezione Bologna, a seguito del tamponamento tra tre camion avvenuto al km 5;1;1;0;1;0;1;0;1;0;0
All’altezza del Km 18,700 nella carreggiata nord un autoarticolato e un furgone si sono scontrati e i conducenti sono rimasti incastrati tra le lamiere;1;1;0;1;0;1;0;0;0;1
E' stato necessario l'intervento dei Vigili del fuoco, partiti della sede centrale di Bologna e dei distaccamenti di Zola Predosa e Castiglione de Pepoli che hanno lavorato per mettere in sicurezza l'area dello scontro e per estrarre i due conducenti;0;1;0;0;0;1;0;0;0;0
Incidenti e veicoli in avaria: code e traffico bloccato su A13 e A14;1;0;0;0;0;0;0;0;0;0
Sulla A13 Bologna-Padova tra Altedo e Bologna Arcoveggio, verso Bologna, per un incidente avvenuto al km 5 ora risolto, si è formata una coda di 6 km, con tendenza alla diminuzione, che ha visto il coinvolgimento di 2 mezzi pesanti;1;1;0;0;0;1;0;1;0;1
In alternativa, per coloro che procedono verso Bologna, è consigliabile uscire ad Altedo e percorrendo la statale 9 Emilia rientrare ad Arcoveggio;0;1;0;0;0;0;0;0;0;0
Sul posto è presente il personale di Autostrade per l'Italia per segnalare le code ed agevolare il deflusso veicolare;0;1;0;0;0;0;0;0;0;0
Sulla A14 Bologna-Taranto tra Castel San Pietro e Casalecchio verso la A1 Milano-Napoli ci sono 7 km di coda a causa di un incidente, ora risolto, in cui sono rimasti coinvolti un camper e un camion, all'altezza del km 10+200;1;1;0;0;0;1;0;1;0;1
Incidente a Castenaso: auto investe pedone, grave un uomo;1;1;0;0;1;1;0;0;1;0
Immediatamente è stato lanciato l'allarme e sul posto sono giunti tre mezzi della Polizia Locale, il 118 e l'elisoccorso, oltre a un equipaggio dell'ANC e AC;0;1;0;0;0;0;0;0;0;0
Brutto schianto nella serata di ieri a Molinella, nel quale sono rimaste ferite due persone;1;1;1;0;1;0;0;0;0;1
Ad avere la peggio, una 19enne, trasportato d'urgenza al pronto soccorso dell'ospedale Maggiore di Bologna;0;0;0;0;1;1;0;1;0;0
Incidente a Porta Mazzini: 74enne in ospedale;1;0;0;0;0;0;0;0;0;0
E' ricoverato in Rianimazione in prognosi riservata, ma non in pericolo di vita, il 74enne che ieri nel pomeriggio è stato travolto da una utilitaria all'altezza di piazza di Porta Maggiore;1;1;1;0;0;1;0;0;0;1
L'uomo era in sella alla sua bicicletta quando è avvenuto l'incidente;0;0;0;0;0;0;0;0;1;0
Il 74enne, che stava attraversando i viali, è stato sbalzato sul parabrezza del mezzo, per poi cadere a terra;0;1;0;0;0;1;0;1;0;1
 Il mezzo a motore, condotto da un quarantenne, secondo i rilievi della polizia locale stava procedendo nella stessa direzione;0;0;0;0;0;0;0;1;0;0
"Città metropolitana, nel 2020 giù incidenti stradali, morti e feriti: settembre ""il più triste dei mesi""";0;1;0;0;1;0;0;1;0;0
Sicuramente la pandemia ha influito, limitando gli spostamenti, ma, in tutti i casi, nei primi 9 mesi del 2020, incidenti, feriti e morti sulle strade sono calati, come rivela il report della Città metropolitana.;0;1;0;0;0;0;0;1;0;0
Incidente in A14, schianto tra due furgoni: un morto e due feriti;1;1;0;0;1;0;0;0;0;0
Nell'incidente, avvenuto intorno le 12:30 nel tratto tra San Pietro in Casale e San Lazzaro di Savena, sono rimasti coinvolti due furgoni e lanciato l'allarme sul posto sono intervenuti i sanitari del 118, i Vigili del Fuoco, la Polizia Stradale e l'Aspi;1;1;1;0;0;0;0;0;0;0
A innescare il caos, già storico prima che arrivino le modifiche viarie previste dalla giunta comunale in carica, con l'installazione di semafori che prevedono una razionalizzazione della situazione, è stato un piccolo incidente senza feriti;0;1;0;0;0;0;0;1;0;0
La polizia locale ha inviato sul posto tre pattuglie allo scopo di dirimere il gigantesco ingorgo, che ha interessato naturalmente anche i mezzi pubblici, penalizzati da inevitabili ritardi;0;1;0;0;0;0;0;0;0;0
Due incidenti a Cavour: coinvolti quattro veicoli e quattro feriti;1;0;0;0;0;0;0;0;0;0
Brutto incidente nel pomeriggio di oggi, mercoledì 29 marzo 2023, in via Saluzzo (l'ex statale 589) a Cavour, al confine con Barge;1;1;1;1;1;1;0;1;0;1
Si è trattato dello scontro frontale tra un'auto e un furgone che ha provocato due feriti trasportati in ospedale;0;1;0;0;1;0;0;0;0;0
 Sul posto, oltre ai sanitari, sono intervenuti i carabinieri della stazione cittadina che hanno eseguito i rilievi allo scopo di stabilire le responsabilità dell'accaduto e hanno chiuso a lungo la strada;0;1;0;0;0;0;0;0;0;0
Un secondo incidente sulla stessa ex statale ma a nord del paese, in via Pinerolo angolo via Gerbidi, è avvenuto quasi contemporaneamente e ha visto coinvolti un fuoristrada e un’automobile in un impatto quasi frontale;1;1;0;0;0;0;0;1;0;0
Il primo mezzo si è ribaltato e anche qui si sono registrati due feriti;0;0;0;0;1;0;0;1;0;1
Singolare incidente nella mattinata di oggi, mercoledì 29 marzo 2022, in corso Cavour a Beinasco, dove una Volkswagen Polo è finita contro un segnale stradale, poi contro un idrante e infine si è schiantata contro la recinzione del comando di polizia locale;1;1;1;1;0;0;0;1;0;1
Gli agenti, usciti a vedere che cosa fosse accaduto, hanno constatato che al volante del veicolo c'era un italiano di 82 anni residente nella cittadina, verosimilmente colto da un malore al volante;0;1;0;0;0;1;0;0;0;1
L'uomo è stato soccorso e trasportato in ambulanza all'ospedale San Luigi di Orbassano;0;1;0;0;1;0;0;0;0;0
Sul posto sono intervenuti gli agenti della polizia stradale di Torino-Settimo e gli ausiliari dell'Ativa;0;1;0;0;0;0;0;0;0;0
Incidenti in tangenziale a Beinasco e Venaria: auto perde una ruota che ne urta un'altra, un ferito;1;1;0;0;1;0;0;0;0;0
Incidente in tangenziale sud, direzione nord Milano-Aosta, tra gli svincoli Drosso e Sito Interporto, sul territorio comunale di Benasco, nel pomeriggio di oggi, martedì 28 marzo 2023;1;1;1;1;0;0;0;1;0;0
Un'auto, che procedeva in direzione sud, ovvero verso Savona-Piacenza, ha perso la ruota posteriore sinistra che, rimbalzando è arrivata nell’altra carreggiata, colpendo un altro veicolo che dopo l'urto ha perso il controllo tamponando un tir e rimanendo incastrato;0;1;0;0;0;0;0;1;0;0
Il conducente di quest'ultimo è stato estratto dalle lamiere dai vigili del fuoco e trasportato in elisoccorso all'ospedale Cto di Torino;0;1;0;0;0;1;0;0;0;0
I rilievi sono stati eseguiti dalla polizia stradale di Pinerolo, sul posto con gli ausiliari dell'Ativa;0;1;0;0;0;0;0;0;0;0
Incidente in tangenziale sud tra gli svincoli Drosso e Sito Interporto 28 marzo 2023;1;1;0;1;0;0;0;0;0;0
Su entrambi l'intervento della polizia stradale di Torino-Settimo e degli ausiliari dell'Ativa;0;1;0;0;0;0;0;0;0;0
Incidenti in tangenziale a Venaria Reale - 28 marzo 2023;1;0;0;0;0;0;0;0;0;0
Incidente a Torino Cenisia: si scontrano due auto e una si ribalta, una ferita in ospedale;1;1;0;0;1;0;0;0;0;0
Brutto incidente nella serata di ieri, lunedì 27 marzo 2023, all'incrocio tra corso Peschiera e via Capriolo a Torino;1;1;1;1;1;0;0;0;0;0
A scontrarsi sono state una Toyota Yaris e una Fiat 500 che si è ribaltata in carreggiata dopo l'impatto;0;1;0;0;0;0;0;1;0;0
Alla fine, fortunatamente, soltanto una donna è stata trasportata in ambulanza all'ospedale Martini in condizioni non gravi;0;1;0;0;0;0;0;0;0;0
Incidente nella rotonda a Grugliasco: auto contro monopattino, uomo in ospedale;1;1;0;0;0;0;0;1;0;0
Incidente nel pomeriggio di oggi, lunedì 27 marzo 2023, alla rotonda tra via Crea angolo via Moncalieri a Grugliasco, dove una Fiat Panda guidata da una donna ha investito un monopattino elettrico;1;1;1;1;0;0;0;1;0;1
I rilievi sono stati eseguiti dalla polizia locale, che dovrà stabilire con precisione la dinamica dell'accaduto: per ora è certo che il mezzo leggero arrivasse da corso Allamano, mentre la vettura procedeva in direzione di Torino;0;1;0;0;0;0;0;0;0;0
Incidente in tangenziale nord nella mattinata di oggi, mercoledì 15 marzo 2023;0;1;1;0;0;0;0;0;0;0
Oltre ai sanitari con le ambulanze, sul posto sono intervenuti gli agenti della polizia stradale di Torino-Settimo e gli ausiliari dell'Ativa;0;1;0;0;0;0;0;0;0;0
Nuovo incidente in tangenziale nord dopo quello avvenuto poco prima nel tardo pomeriggio di oggi, martedì 14 marzo 2023;1;1;1;0;0;0;0;0;0;0
Questa volta si è trattato del tamponamento a catena fra tre auto (una Toyota Auris, un'Alfa Romeo Giulietta e una Fiat Bravo) avvenuto in corsia di sorpasso all'altezza dello svincolo di Savonera, sul territorio di Collegno, in direzione sud Savona-Piacenza;1;1;0;1;0;0;0;0;0;0
Non si sono verificati feriti e sul posto sono intervenuti gli agenti della polizia stradale di Torino-Settimo e gli ausiliari dell'Ativa;0;1;0;0;0;0;0;0;0;0
Code e traffico si sono verificati nella direzione dell'incidente e rallentamenti anche in quella opposta a causa dei curiosi che rallentavano per guardare che cosa fosse successo;0;1;0;0;0;0;0;0;0;0
Incidente in tangenziale a Torino Stura: auto ribaltata in carreggiata, circolazione bloccata;1;1;0;1;0;0;0;0;0;0
Un incidente avvenuto tra gli svincoli di Borgaro Torinese e del raccordo autostradale per Caselle, nella zona dell'area di servizio Stura Sud a Torino, ha bloccato completamente la tangenziale nord in direzione nord Milano-Aosta nel pomeriggio di oggi, martedì 14 marzo 2023;1;1;1;1;0;1;0;1;0;0
Si è trattato del ribaltamento di una Dr Zero avvenuto in corsia di sorpasso;0;0;0;0;0;0;0;1;0;0
Ferito il conducente, che è stato trasportato in ambulanza all'ospedale Giovanni Bosco;0;0;0;0;1;1;0;0;0;1
Sul posto sono intervenuti i sanitari, i vigili del fuoco di Torino Stura, gli agenti della polizia stradale di Torino-Settimo e gli ausiliari dell'Ativa;0;1;0;0;0;0;0;0;0;0
Nella curva in prossimità dell'incrocio con corso Torino, in cui in passato vi sono stati anche episodi più tragici, uno scooter si è scontrato frontalmente con un camioncino elettrico della raccolta rifiuti della Cidiu;1;1;0;0;0;1;1;1;0;1
A bordo del motociclo viaggiavano un uomo e una donna: il primo ha sfondato il vetro del mezzo pubblico riportando conseguenze non gravi, mentre la seconda, italiana di 35 anni, è finita sotto le ruote riportando conseguenze più serie;0;0;0;0;0;1;1;1;0;1
Sono stati trasportati entrambi all'ospedale cittadino e la donna (estratta da sotto il mezzo dai vigili del fuoco) è in prognosi riservata, anche se non sarebbe in immediato pericolo di vita;0;0;0;0;0;1;0;0;0;1
Una ragazza italiana di 19 anni residente a Lombriasco è in condizioni critiche all'ospedale Cto di Torino dopo un incidente avvenuto nella notte di oggi, lunedì 13 marzo 2023, sull'ex statale 663 in località Ceretto di Carignano;1;1;1;1;1;1;0;0;0;1
Si è trattato dell'uscita di strada di una Peugeot 208 a bordo di cui viaggiavano tre giovanissime: la più grave non era al volante, le altre due (la conducente 23 anni anche lei di Lombriasco e la passeggera di 18 anni residente a Polonghera, nel Cuneese) sono rimaste ferite in modo lieve e sono state trasportate in ambulanza all'ospedale Santa Croce di Moncalieri;0;1;0;0;0;1;0;0;0;1
La vettura, che ha anche abbattuto due pali della linea telefonica, è rimasta distrutta e le ragazze sono state estratte dalle lamiere dai vigili del fuoco;0;1;0;0;0;0;0;0;0;0
Sul posto sono intervenuti anche i carabinieri della compagnia di Moncalieri a cui competono i rilievi sull'incidente;0;1;0;0;0;0;0;0;0;0
I militari dell'Arma hanno chiesto anche l'accertamento ospedaliero sulle condizioni psicofisiche della conducente prima di mettersi al volante, non essendo stato possibile eseguire i test sul momento;0;0;0;0;0;1;0;0;0;0
Sul posto la polizia stradale di Torino e gli ausiliari Ativa;0;1;0;0;0;0;0;0;0;0
Incidente a Torino Crocetta: un ferito dopo lo scontro auto-moto;1;1;0;0;1;0;1;1;0;0
Un uomo è rimasto ferito a seguito di un incidente stradale avvenuto all'incrocio tra corso Galileo Ferraris e corso Stati Uniti a Torino, nel primo pomeriggio odierno, venerdì 10 marzo 2023;1;1;1;0;1;1;0;0;0;1
A finire in ospedale, al Mauriziano, è stato il centauro: per fortuna le sue condizioni non destano particolari preoccupazioni;0;0;0;0;0;0;1;0;0;0
Incidente a Cuorgnè: colto da un malore al volante, si schianta e muore;1;1;0;0;1;1;0;1;0;0
Tragedia in via Ivrea a Cuorgnè, nella zona del Ponte Vecchio, nella giornata di ieri, giovedì 9 marzo 2023;1;1;1;1;1;0;0;0;0;0
La vettura, che fortunatamente procedeva a bassa velocità, è andata a schiantarsi contro la ringhiera che separa la strada dal piazzale in cui c'è il supermercato Crai;0;1;0;0;0;0;0;0;0;0
Sul posto sono intervenuti i sanitari, che hanno tentato una lunga quanto inutile manovra di rianimazione, la polizia locale, a cui competono le indagini sull'accaduto, e i carabinieri della stazione cittadina;0;1;0;0;0;0;0;0;0;0
Incidente nel sottopasso Donat-Cattin a Torino: scontro frontale tra due auto, due feriti;1;1;0;0;1;0;0;0;0;1
Avrebbe potuto avere conseguenze ben peggiori l'incidente che si è verificato nel sottopasso Donat-Cattin a Torino nella notte di oggi, venerdì 10 marzo 2023;1;1;1;1;0;1;0;1;0;0
A scontrarsi frontalmente sono state una Citroën guidata da un nigeriano di 36 anni e una Fiat Panda guidata da un italiano di 32 anni;0;1;0;0;0;0;0;0;0;0
L'ipotesi degli agenti della polizia locale, intervenuti sul posto, è che quest'ultima abbia imboccato il tratto contromano;0;1;0;0;0;0;0;0;0;0
I due conducenti sono rimasti feriti in modo lieve e sono stati trasportati all'ospedale Maria Vittoria dalle ambulanze della Croce Reale di Venaria e della Croce Verde di Torino;0;1;0;0;0;0;0;0;0;1
È stato pesantemente multato per la guida contromano e gli è stata ritirata la patente (il prefetto deciderà per quanto sospenderla: da uno a tre mesi);0;0;0;0;0;1;0;0;0;0
Incidente, nel pomeriggio odierno, all'incrocio tra via Traves e via Druento, ai confini tra Torino e Venaria;1;1;1;0;0;0;0;0;0;0
La persona alla guida di quest'ultima è rimasta ferita, seppur in modo lieve, ed è stata portata all'ospedale Maria Vittoria di Torino per gli accertamenti clinici del caso;0;1;0;0;0;1;0;0;0;1
"Sul posto sono intervenuti gli agenti della polizia locale di Torino e il personale sanitario 118 della ""Pubblica Assistenza Croce Reale"" di Venaria";0;1;0;0;0;0;0;0;0;0
Maxi ingorgo all'ingresso di Torino a causa di un incidente su corso Regina Margherita;1;1;0;0;0;0;0;1;0;0
Incidente nella primissima mattinata di oggi, venerdì 30 dicembre 2022, sull'autostrada Torino-Monte Bianco, in direzione del capoluogo piemontese, circa un chilometro dopo lo svincolo di San Giorgio Canavese, sul territorio comunale di Foglizzo;1;1;1;1;0;0;0;1;0;0
A scontrarsi sono stati una Porsche e un furgone che è finito fuori dalla carreggiata;0;1;0;0;0;0;0;0;0;0
La vettura sportiva è invece rimasta di traverso bloccando completamente il traffico;0;1;0;0;0;0;0;0;0;0
Il conducente dell'auto, con targa svizzera e risultata rubata nella notte a Pré-Saint-Didier (Aosta), è uscito allontanandosi a piedi ed è stato avvistato nella carreggiata opposta, in direzione di Aosta, dopodiché le sue tracce si sono perse;0;1;0;0;0;1;0;0;0;1
A bordo del furgone viaggiava un uomo che è stato trasportato in ambulanza all'ospedale di Chivasso;0;0;0;0;0;1;0;0;0;0
Non è in pericolo di vita anche se ha riportato dei traumi;0;0;0;0;0;1;0;0;0;0
Sul posto sono intervenuti, oltre ai sanitari, i vigili del fuoco di Torino Stura, Ivrea e Volpiano, gli agenti della polizia stradale di Torino-Settimo e gli ausiliari dell'Ativa, che hanno istituito l'uscita obbligatoria a San Giorgio Canavese, con rientro a Volpiano;0;1;0;0;0;0;0;1;0;1
Tangenziale sud nel caos nel pomeriggio di oggi, giovedì 29 dicembre 2022, per un incidente avvenuto in direzione nord Milano-Aosta all'altezza dello svincolo Stupinigi, sul territorio comunale di Nichelino;1;1;1;0;0;0;0;1;0;1
Si è trattato di un tamponamento fra tre veicoli avvenuto in corsia di sorpasso a cui è seguito un urto con altri quattro veicoli, per un totale di sette mezzi coinvolti;0;1;0;0;0;0;0;0;0;1
Incidente tra Bairo e Castellamonte: auto esce di strada e si ribalta in un campo, ferito il conducente;1;1;0;0;1;0;0;1;0;0
Incidente nella prima mattinata di oggi, giovedì 29 dicembre 2022, sulla strada che collega Bairo e Castellamonte: una Renault Clio è uscita di strada, abbattendo un cartello pubblicitario e poi ribaltandosi;1;1;1;0;0;0;0;1;0;1
Il conducente, rimasto intrappolato nelle lamiere, è stato estratto dai vigili del fuoco di Ivrea e trasportato all'ospedale eporediese in ambulanza;0;1;0;0;0;1;0;0;0;0
A dare l'allarme erano stati altri automobilisti di passaggio, che avevano notato la vettura ribaltata a bordo strada;0;0;0;0;0;0;0;1;0;0
Traffico fortemente rallentato nella serata di ieri, mercoledì 28 dicembre 2022, in tangenziale nord per un incidente avvenuto all'altezza dello svincolo di corso Francia, in direzione sud Savona-Piacenza, sul territorio comunale di Rivoli;1;1;1;1;0;0;0;1;0;1
A scontrarsi sono stati un'auto e un fuoristrada che è rimasto a cavallo tra le corsie centrale e di sorpasso;0;1;0;0;0;0;0;1;0;0
Un ferito non grave è stato trasportato in ambulanza all'ospedale cittadino;0;0;0;0;1;0;0;0;0;0
Sul posto la polizia stradale di Torino-Settimo, che ha eseguito i rilievi, e gli ausiliari dell'Ativa;0;1;0;0;0;0;0;0;0;0
Tutta Caselle ha salutato per l'ultima volta Blendi, il 18enne morto dopo il pauroso incidente stradale;0;1;0;0;1;0;0;1;0;0
Una intera comunità, quella di Caselle, si è stretta oggi pomeriggio attorno alla famiglia di Blendi Halili, il 18enne morto martedì 20 dicembre 2022 a seguito di un incidente stradale avvenuto in via Alle Fabbriche: quella notte, l'auto sulla quale viaggiava lui e altri tre amici, finì contro il muretto dell'ex lanificio Bona per poi esplodere: Blendi era morto suo colpo, prima dello scoppio della vettura;1;1;1;1;1;1;0;0;0;1
momenti di paura nella mattinata di mercoledì 22 febbraio a fidenza per lo scontro, avvenuto verso le ore 620, tra un'auto e una bicicletta;1;1;1;1;0;0;0;0;1;0
Incidente a Castenaso: auto investe pedone, grave un uomo;1;1;0;0;1;1;0;0;1;0
l'uomo, che si trovava a bordo della sua bicicletta quando, in corrispondenza di una rotonda, è stato centrato dal veicolo, è deceduto poco dopo il ricovero d'urgenza nel reparto di rianimazione dell'ospedale maggiore di parma;0;1;0;0;1;1;0;0;1;0
Versa in gravi condizioni il 51enne bolognese che è stato investito questa mattina poco prima delle 8 in via Saffi, un centinaio di metri dopo la porta;1;1;1;0;1;1;0;0;1;1
un ragazzino di 14 anni in bicicletta è stato investito oggi pomeriggio lungo la san vitale;1;1;1;0;0;0;0;0;1;1
Ancora un incidente nel ravennate. Giovedì sera, attorno alle 18.30, un 50enne stava percorrendo via Sottofiume Boncellino dalla San Vitale verso l'abitato di Boncellino in sella a uno scooter Burgman quando, per cause ancora in corso d'accertamento, ha perso il controllo del mezzo in curva ed è finito contro il guard rail;1;1;1;1;0;0;1;1;0;1
La dinamica dell'incidente ancora non è chiara, fatto sta che il ciclista è rovinato sull'asfalto;0;0;0;0;0;0;0;1;1;1
Sul posto si sono precipitati i soccorsi del 118, che hanno trasportato il ferito all'ospedale Bufalini di Cesena con codice di massima gravità;0;1;0;0;1;1;0;0;0;1
Nell'urto, lo scooterista è rovinato sull'asfalto;0;1;0;0;0;0;1;1;0;0
È in gravissime condizioni il giovane che all'alba di questa mattina è stato travolto a Faenza mentre andava in bicicletta;1;1;1;0;1;1;0;1;1;0
Erano le 5.30 quando il ragazzo, un 25enne straniero, stava percorrendo via Naviglio dall'autostrada verso il centro abitato;0;1;1;0;1;0;0;0;0;0
All'altezza del Cinedream, il ciclista è stato improvvisamente travolto da un'auto che viaggiava dietro di lui, una Mercedes classe B condotta da un uomo ultrasessantenne;1;1;0;0;0;1;0;0;1;1
L'impatto è stato violento;0;0;0;0;1;0;0;0;0;0
Erano da poco passate le 15: un uomo, un 57enne residente in zona che probabilmente stava coordinando dei lavori di potatura delle piante, si trovava su via Piangipane, quando all'improvviso è stato investito violentemente da un'auto, una Mitsubishi con alla guida un uomo;1;1;1;1;1;1;0;1;1;1
Sul posto si sono precipitati i soccorsi del 118, ma per il pedone investito non c'è stato nulla da fare;0;1;0;0;1;0;0;1;1;1
auto investe la ragazza in bici e si allontana;0;0;0;0;0;0;0;0;1;0
Sono in corso le indagini da parte della Polizia Locale di Ravenna per fare chiarezza sull'incidente avvenuto venerdì 10 marzo, poco dopo le 7 del mattino, all’altezza del civico 253 di via Fiume Montone abbandonato a Ravenna;1;1;1;0;0;0;0;0;0;0
Gli agenti della Polizia Locale dovranno infatti ricostruire la dinamica dei fatti che avrebbero portato all'investimento di una studentessa del Liceo scientifico di Ravenna che stava andando a scuola in sella alla sua bicicletta quando sarebbe stata investita da un'automobile;0;1;0;0;0;1;0;0;1;1
Un 12enne stava andando in bicicletta lungo via Matteotti quando, nello svoltare a sinistra, si è scontrato con una moto da Trial condotta da un 15enne che arrivava dalla piazza;1;1;0;0;0;1;1;1;1;1
il 12enne è caduto malamente a terra incosciente;0;0;0;0;1;0;0;0;0;0
In quel frangente un'auto, che procedeva verso Imola, ha travolto la ragazza;0;1;0;0;0;0;0;0;1;0
brutto incidente per un ciclista giovedì mattina a Lugo;1;1;0;0;1;0;0;0;1;0
E'stato colpito violentemente da un'auto mentre attraversava la strada;0;0;0;0;1;0;0;0;1;0
E' accaduto lunedì pomeriggio attorno alle 17 su via Romea, all'altezza dell'incrocio con via Arditi d'Italia;1;1;1;0;0;0;0;0;0;0
Nel violento scontro, l'uomo è stato sbalzato a terra;0;0;0;0;1;0;0;0;1;0
Sul posto si sono precipitati i soccorsi del 118 con ambulanza e auto medica, che hanno trasportato il ferito - rimasto sempre cosciente - all'ospedale Bufalini di Cesena con codice di massima gravità;0;1;0;0;1;1;0;1;0;1
Una brutta botta all'incrocio fra un'auto e un ciclista;0;0;0;0;0;0;0;0;1;0
Secondo le prime ricostruzioni, un giovane di 25 anni in bici si sarebbe scontrato con un'automobile;0;0;0;0;0;0;0;0;1;0
In seguito al violento urto il ciclista è caduto rovinosamente a terra, ma sarebbe rimasto sempre cosciente;0;0;0;0;1;1;0;1;1;1
Subito sono giunti sul posto i soccorsi del 118, con automedica e ambulanza;0;1;0;0;0;0;0;0;0;0
Coinvolto uno scooterista di 42 anni che con il suo scooter 125 stava percorrendo la vecchia Faentina, da San Michele verso Godo;1;1;0;0;0;0;1;0;0;0
Dopo il forte impatto lo scooterista è rimasto comunque sempre cosciente, sul posto l'intervento di ambulanza ed elicottero, il ferito (le cui condizioni non destano particolari preoccupazioni) è stato trasportato con un codice di media gravità all'ospedale Bufalini di Cesena;0;1;0;0;1;1;1;1;0;1
Ragazza investita sotto la pioggia battente: è caccia al pirata della strada;0;0;0;0;0;1;0;1;1;1
erano da poco passate le 19 di venerdì e pioveva copiosamente a Faenza quando in via Oberdan all’altezza della anni intenta ad attraversare la carreggiata in prossimità del passaggio pedonale è stata investita;1;1;1;0;1;0;0;1;1;1
Una donna, una 58enne moldava, stava viaggiando in sella al suo scooter sulla statale da Ravenna verso Ferrara quando, giunta all'altezza dello svincolo del 'Quadrifoglio', un veicolo - forse un'auto - le avrebbe tagliato la strada facendola cadere a terra, secondo il racconto della donna;1;1;0;0;1;0;1;1;0;1
"Investe una studentessa minorenne e scappa: ""pirata"" della strada denunciata grazie alle telecamere";0;0;0;0;0;1;0;0;1;1
Una 43enne forlivese è stata denunciata per omissione di soccorso dopo aver investito una studentessa ed essersi allontanata;0;0;0;0;0;1;0;0;1;1
L’episodio a cui si fa riferimento è accaduto venerdì mattina quando una 16enne faentina, mentre si accingeva ad attraversare la strada sulle strisce pedonali di via Fratelli Rosselli all’intersezione con via Malta, è stata investita da un suv che poco dopo si è allontanato dal luogo dell’incidente;1;1;1;1;0;1;0;1;1;1
un terribile incidente stradale non ha lasciato scampo ad un anziano, travolto da un veicolo in transito;0;1;0;0;1;1;0;1;1;0
A farne le spese è stato un uomo di 84 anni, residente nelle vicinanze, che si trovava a piedi lungo via Cocchi, la strada che unisce le due frazioni di Villanova e Villa Prati;1;1;0;0;1;0;0;0;1;1
Nella strada, stretta e non illuminata, l'uomo è stato colpito da una Fiat Punto diretta verso Villa Prati e condotta da un 52enne, anch'egli residente nella zona;1;1;0;0;1;0;0;0;1;1
L'anziano è stato caricato sul cofano e ha sfondato il parabrezza con il suo peso, sul lato del conducente;0;0;0;0;0;1;0;0;0;1
Nello scontro ad avere la peggio è stato proprio il giovane motociclista, per il quale si è reso necessario l’intervento dell’ambulanza del 118;0;1;0;0;1;1;1;1;0;0
Travolto mentre lavora nel cantiere;0;0;0;0;0;0;0;0;1;0
Improvvisamente uno dei due, un 53enne, è stato travolto da un'auto, una Fiat Palio condotta da un 80enne, che arrivava dal centro verso la periferia;0;1;0;0;1;1;0;0;1;1
 Nel violento scontro, l'operaio è stato sbalzato con la testa contro il parabrezza, per poi cadere a terra;0;1;0;0;1;1;0;1;1;0
L'auto esce dal parcheggio e colpisce un giovane motociclista: traffico in tilt e tamponamento a catena;0;0;0;0;0;0;1;0;0;0
Travolto da un'auto mentre attraversa la strada: è in condizioni disperate;0;0;0;0;1;1;0;1;1;0
E' in condizioni disperate l'uomo che lunedì mattina è stato investito da un'auto a Ponte Nuovo;1;1;1;0;1;1;0;0;1;0
Il grave incidente stradale si è verificato attorno alle 10 lungo via Romea Sud, a pochi metri da dove nel 2014 un bambino di 3 anni venne travolto e ucciso da un'auto pirata;1;1;1;1;1;1;0;1;1;1
Dalle prime informazioni pare che un uomo di 75 anni stesse attraversando la strada dopo aver parcheggiato l'auto, una Toyota, all'altezza dell'intersezione con via Pesaro, quando è stato travolto da un'auto che proveniva da Classe verso il centro, una Opel Agila guidata da un 86enne che si è fermato pochi metri dopo;1;1;0;1;1;1;0;1;1;1
Il pedone è finito contro il parabrezza dell'auto, per poi rovinare sull'asfalto;0;1;0;0;1;0;0;1;1;1
Nella rotonda entrano in collisione una Panda e una mountain bike: ferito il ciclista;0;1;0;0;1;0;0;0;1;1
Sono venuti a collisione una mountain bike e una Fiat Panda, guidata da una donna di 76 anni;0;1;0;0;0;0;0;0;1;1
un ciclista è rimasto ferito nella serata di giovedì a causa di un incidente stradale, che si è verificato nella rotonda Belgio, nella zona di via delle Industrie;1;1;1;1;1;1;0;0;1;0
Il tutto si è verificato intorno alle 20,30;0;0;1;0;0;0;0;0;0;0
Per cause in via di accertamento da parte della Polizia Locale di Ravenna, sono venuti a collisione una mountain bike, con in sella un 73enne, e una Fiat Panda, guidata da una donna di 76 anni;0;1;0;0;0;1;0;0;1;1
A farne le spese è stato il ciclista;0;0;0;0;1;0;0;0;1;0
Sciagura stradale: scontro con un’auto, perde la vita uno scooterista;0;1;0;0;1;1;1;1;0;0
Nella notte tra domenica e lunedì, intorno a mezzanotte e mezza, un pedone di circa 30 anni è stato ritrovato sul ciglio della strada dopo quello che si presume essere stato un investimento da parte di un veicolo in transito;0;1;1;0;1;0;0;1;1;1
Sul posto si sono precipitati i soccorsi del 118 con ambulanza e auto medica, che hanno trasportato il ferito - un uomo straniero risultato ubriaco - all'ospedale Bufalini di Cesena con codice di massima gravità;0;1;0;0;1;1;0;0;0;1
Violento schianto all'incrocio contro un'auto: motociclista gravissimo in ospedale;0;1;0;0;1;1;1;1;0;0
Muore investito da un'auto mentre attraversa la strada: 7 morti in 4 giorni nel ravennate;0;0;0;0;1;1;0;0;1;0
Martedì mattina, poco dopo le 8.45, un uomo di 88 anni stava attraversando viale de' Brozzi a Lugo all'altezza del civico 37, nei pressi delle strisce pedonali, quando è stato investito da un'auto, una Bmw serie 1 condotta da una 37enne rumena residente a Massa Lombarda che viaggiava da Sant'Agata verso il centro città;1;1;1;1;1;0;0;0;1;1
Nel violento scontro, l'uomo ha sbattuto contro il parabrezza dell'auto per poi cadere a terra incosciente;0;1;0;0;1;0;0;1;1;0
La donna al volante, in stato di shock, è stata accompagnata all'ospedale di Lugo con codice di bassa gravità per i controlli del caso;0;0;0;0;0;1;0;0;0;0
Violenta botta fra auto e moto: scooterista portato d'urgenza in ospedale;0;1;0;0;1;1;1;1;0;0
Brutto scontro fra auto e moto a Ravenna;1;1;0;0;1;0;1;1;0;0
E' successo martedì, poco prima di mezzogiorno, in viale Berlinguer, più o meno all'altenza della banca Bcc dove si è verificato l'incidente fra uno scooter, guidato da un uomo di 62 anni, e una Ford C-Max con a bordo un uomo di circa 40 anni;1;1;1;1;0;0;1;1;0;1
 Secondo una prima ricostruzione dei fatti, l'auto partendo dalla rotonda di via Ravegnana stava percorrendo il viale e stava per svoltare a sinistra per entrare nel parcheggio del controviale, mentre dalla direzione opposto stava sopraggiungendo lo scooter;1;1;0;0;0;0;1;0;0;0
L'impatto tra i due mezzi è stato inevitabile e il 62enne è stato sbalzato dalla moto cadendo rovinosamente a terra;0;0;0;0;1;0;1;1;0;1
Immediatamente sono giunti sul posto i soccorsi del 118, con due ambulanze e l'automedica;0;1;0;1;1;0;0;1;0;0
Lo scooterista ha riportato le ferite più gravi ed è stato quindi trasportato all'ospedale Bufalini di Cesena;0;1;0;0;1;1;1;1;0;0
Investiti da un furgone mentre attraversano la strada: due minori in ospedale;0;0;0;0;1;0;0;0;1;1
I due ragazzini sono caduti a terra rovinando sull'asfalto;0;0;0;0;1;0;0;1;1;1
Attorno alle 18 i due, un 14enne e un 11enne entrambi faentini, stavano attraversando nei pressi delle strisce pedonali viale IV novembre all'altezza di Piazzale Sercognani, poco distante dalla stazione ferroviaria, quando sono stati investiti da un furgone Iveco condotto da un uomo di circa 70 anni che viaggiava su viale IV novembre da Imola verso Forlì;1;1;1;0;1;0;0;0;1;1
